ID;Proveedor;Contacto_comercial;Email;Teléfono;Saldo pendiente en dólares;Fecha de última compra;
P0001;So Factive;Lorenzo Cantón Galan;fluffy@verizon.net;(394) 406-8708;63;4/09/2018;
P0002;Kontroller;Adelina Valls Canet;fraterk@me.com;(923) 207-3871;4250;8/06/2012;
P0003;Finance Api;Eulalia del Galindo;animats@mac.com;(904) 363-2261;-2412;6/08/2017;
P0004;Biomotivate;Tania Catalán Galván;tbeck@icloud.com;(923) 671-4117;3348;22/05/2017;
P0005;Deltavita;Abraham Girón-Soler;mallanmba@yahoo.ca;(841) 798-8943;570;17/01/2022;
P0006;Metta Statu_cru_lumarn;Erasmo Gibert Quevedo;kosact@sbcglobal.net;(559) 515-6369;261;2/09/2014;
P0007;Town Of Abus Road;Ana Belén Mayo Correa;bastian@aol.com;(715) 328-4811;4733;26/02/2021;
P0008;Player;Valentina Enríquez Montalbán;lukka@mac.com;(953) 242-4312;18254;6/01/2019;
P0009;Team Esports;Pastor Querol Verdugo;sjava@yahoo.com;(429) 355-6554;2128;28/04/2018;
P0010;Team Impact;Andrés Saavedra Castelló;shawnce@me.com;(399) 380-2112;310;11/08/2012;
P0011;Alliancestudios;Juliana Márquez Huguet;moinefou@hotmail.com;(242) 702-4300;3536;2/11/2020;
P0012;Modgugh;África Fernandez Calatayud;bebing@att.net;(479) 987-5028;71,14;14/10/2018;
P0013;Team Software;Carlito Domínguez Cortes;afifi@yahoo.com;(669) 494-0889;5258;8/05/2017;
P0014;Bayesa;Heliodoro Baños Sainz;zavadsky@gmail.com;(495) 936-2371;8121;13/03/2015;
P0015;Pubsearch;Arturo Ferrán Terrón;neonatus@yahoo.ca;(901) 585-8039;211;1/02/2022;
P0016;Teknosystems;Serafina Marcela Solano Alfaro;nichoj@yahoo.com;(243) 646-8371;3391;9/06/2017;
P0017;Companyreo;María Pilar Jódar Gómez;kwilliams@icloud.com;(577) 722-8909;5752;10/01/2021;
P0018;Upstream;Verónica Carmina Riba Criado;presoff@aol.com;(965) 536-3236;4332;1/04/2014;
P0019;Zenitcom Solutions;Bernardita Royo León;samavati@yahoo.com;(970) 954-6303;7601;5/08/2012;
P0020;Vuevitas;Carlito Peñas Prado;philen@verizon.net;(988) 713-8842;607;17/10/2021;
P0021;2gm Fuji;Inmaculada Aurora Cantero Peralta;sacraver@aol,com;(618) 384-8498;8231;22/07/2012;
P0022;Wembo Mobile;Sebastian Carnero Uriarte;seano@hotmail.com;(727) 291-1259;2203;13/11/2016;
P0023;Ijmall;Eusebia Peñalver Abellán;fudrucker@aol.com;(620) 870-4407;1635;20/10/2018;
P0024;Goautomatch;Fermín Amor Piña;burns@aol.com;(588) 599-4372;5861;11/12/2016;
P0025;Myvichco;Joaquín Duarte Lerma;jdhedden@live.com;(225) 424-7303;2021;25/12/2011;
P0026;Every Good Good After Logo;Vilma de Rosado;maratb@att.net;(386) 943-6501;351;3/08/2013;
P0027;Grupo Labora;Gaspar Alsina Orozco;darin@hotmail.com;(253) 267-0135;7806;23/05/2012;
P0028;The Other Side;Maricruz Tejedor Pons;alastair@verizon.net;(818) 803-6439;1089;26/10/2021;
P0029;Myrgy;Maximino del Prada;dunstan@verizon.net;(458) 694-0732;8065;17/03/2016;
P0030;Madrid;Ruth Guardia Sevillano;bhtower@msn.com;(594) 738-2085;747;16/07/2012;
P0031;Robotank Home;Fermín Gimeno Aguirre;yenya@aol.com;(621) 889-1552;352;5/11/2017;
P0032;Phoenix Payroll;Selena Nebot Montes;guialbu@me.com;(789) 438-6462;2036;9/12/2017;
P0033;Generite Labs;Daniel Soriano-Mesa;adamk@live.com;(876) 988-8149;3546;26/05/2018;
P0034;Optimization Logic;Leoncio Yáñez Grau;temmink@gmail.com;(474) 585-5295;7444;29/08/2013;
P0035;Caron Management;Macaria de Santamaría;mavilar@msn.com;(969) 346-7723;8474;27/09/2019;
P0036;Aerovans;Tere Alberto Urrutia;ajohnson@yahoo.ca;(221) 271-5402;849;28/02/2022;
P0037;Iacm;Adriana Salvà;jkegl@icloud.com;(424) 740-7029;2929;29/01/2015;
P0038;Catr;Adán Bernad;hakim@yahoo.com;(604) 786-5700;1062;9/05/2017;
P0039;2cv Factory;Roberta Villegas Ibañez;mlewan@mac.com;(979) 293-4899;2836;3/02/2019;
P0040;New Culture;Odalys García Roma;dhwon@verizon.net;(937) 737-8674;5403;17/11/2016;
P0041;Windy Forest;Mar Millán Pons;themer@me.com;(942) 814-8944;4510;4/02/2012;
P0042;The Rotary Club;Poncio Osorio Pujol;jaffe@hotmail.com;(559) 957-3199;5287;3/12/2013;
P0043;Online Transport;Susanita Gargallo Domingo;bachmann@comcast.net;(436) 749-5800;3707;2/11/2015;
P0044;Good City Mobility;Heriberto Velasco;frode@mac.com;(845) 334-6783;1640;13/03/2012;
P0045;Bt North;Diego Almansa Morata;hyper@optonline.net;(689) 268-4318;5497;11/04/2019;
P0046;Isll Consulting;Cosme Ros Manzanares;martyloo@optonline.net;(647) 206-3077;2561;20/01/2016;
P0047;Rail Transit;Teo Velázquez Mas;anicolao@aol.com;(789) 832-3505;5261;14/09/2012;
P0048;Carglo Carlo;Cayetana del Menendez;ralamosm@me.com;(540) 287-1678;1184;29/01/2017;
P0049;Beads Eyed;Bernarda Simó Vendrell;khris@me.com;(509) 591-3937;-5977;4/07/2019;
P0050;Saatchi Labs;Marcio Ropero Vila;preneel@verizon.net;(657) 740-8843;3599;27/10/2012;
P0051;March Outbre;Jordana Téllez Gallo;slanglois@yahoo.com;(487) 758-3577;938;8/08/2014;
P0052;Csw Resources;Pepita Prats Torrens;fudrucker@mac.com;(568) 979-5050;685;18/10/2012;
P0053;Intercities;Clarisa Abril Tudela;jbarta@comcast.net;(402) 453-5695;5603;16/09/2014;
P0054;Servicenet;Miguel Alvarado Goñi;jbearp@comcast.net;(329) 568-2249;4006;24/07/2017;
P0055;Clearcad;Tecla Cerdán Novoa;matthijs@gmail.com;(611) 600-2978;2151;11/03/2014;
P0056;Career By Space;Brígida Rocamora Calvo;mglee@hotmail.com;(439) 619-2527;1172;21/11/2016;
P0057;Walna Dynamics;Jesús Abad Lago;chaikin@optonline.net;(465) 470-3259;8455;9/03/2020;
P0058;Trammys Australia;Vera Salmerón Montoya;ateniese@hotmail.com;(570) 455-8363;4118;11/11/2013;
P0059;Claris;Marcial Carbajo Lorenzo;snunez@me.com;(886) 207-9485;6443;24/11/2017;
P0060;Ez Roads;Octavia del Álvaro;jmorris@mac-com;(248) 371-2298;3392;21/08/2018;
P0061;Clever Ride;Quique Seguí-Amador;yzheng@mac.com;(281) 734-3321;1437;4/12/2017;
P0062;Lbr Engineers;Aarón Aparicio Becerra;madler@gmail.com;(615) 502-3945;6440;27/04/2019;
P0063;Sabre Auto Repair;Bárbara de Bru;sravani@me.com;(541) 274-1193;7879;10/05/2020;
P0064;Island Impacex;Palmira Solís Murcia;sacraver@outlook.com;(440) 290-5840;5092;24/10/2012;
P0065;We Are Yours;Rufina Marti-Baena;emmanuel@icloud.com;(808) 840-3996;1496;5/07/2016;
P0066;Anti Systems;Lorenzo Cuéllar Huertas;csilvers@optonline.net;(285) 608-7285;4562;5/06/2019;
P0067;Startup Europe;Danilo Hervia;wildfire@comcast.net;(282) 971-1586;2993;28/08/2018;
P0068;Jack Donnelly Hyundai;Nazario Diego Pallarès Benavides;darin@live.com;(881) 628-7284;2227;29/07/2016;
P0069;Maxlight Motorsports;Matilde del Catalá;enintend@comcast.net;(730) 474-4521;6922;30/07/2015;
P0070;Maverick Auto Parts;Amador Bonilla Fonseca;duchamp@optonline.net;(560) 388-7690;4602;5/07/2017;
P0071;Terrible Herbst;Caridad Mendizábal;bjoern@msn.com;(654) 623-3400;4563;13/12/2018;
P0072;Bluedrilled;Flora Vila Cardona;carroll@yahoo.ca;(811) 794-2093;2456;16/07/2014;
P0073;City Of Revelstoke;Rico Mayo;roamer@verizon.net;(848) 852-4024;4254;12/09/2018;
P0074;Garage Services;Mónica Molina-Pérez;reeds@me.com;(649) 971-1589;6908;20/04/2014;
P0075;Toytha;Malena Olivera Ropero;boein@msn.com;(415) 786-5209;8151;27/12/2016;
P0076;Mrzio Management;Buenaventura Vallejo Camacho;drhyde@aol.com;(477) 828-9575;3999;9/07/2016;
P0077;Admins;Julia Chaves Nieto;jkegl@live.com;(837) 909-8679;3279;4/04/2017;
P0078;Bee Auto Agency;Camilo Gutiérrez Soto;madler@comcast.net;(479) 253-7790;7858;30/03/2019;
P0079;Carriere;Pascual Aurelio Cañas Ponce;gommix@comcast.net;(612) 688-9292;3446;24/09/2016;
P0080;Vision Sports;Nilda Torralba Leon;jigsaw@outlook.com;(238) 635-8141;1309;24/06/2017;
P0081;Batch;Bautista Dani Talavera Simó;kosact@gmail.com;(442) 286-6384;6202;30/08/2012;
P0082;Game Flip (ateler Systems);Álvaro Cortina Peralta;juliano@att.net;(821) 321-1326;5704;8/04/2012;
P0083;Crius.ai;Manu Fernandez;raides@yahoo.com;(650) 990-3292;715;26/07/2021;
P0084;Ginezoft;Natalia Muñoz Anaya;baveja@outlook.com;(367) 878-4745;2676;8/04/2016;
P0085;Tsexex.ai;Tatiana Morales Palomares;gboss@me.com;(969) 236-0495;6536;22/01/2015;
P0086;Talentplan;Imelda Navas;sinkou@me.com;(622) 347-3826;5457;1/05/2017;
P0087;New Vr;Guadalupe de Andreu;okroeger@sbcglobal.net;(756) 446-1210;811;30/11/2018;
P0088;Road Bike Sports;Gabriela Nuñez;matsn@optonline.net;(500) 650-6099;781;18/03/2012;
P0089;Iti Technical;Candelas Romero;kourai@gmail.com;(742) 734-1819;6005;18/07/2013;
P0090;Crowdpool - Fse Cx;Flor Cabrera Casares;boftx@me.com;(361) 648-9813;2054;4/07/2013;
P0091;Ives Ives Ives;Maite Vargas Roldan;erynf@sbcglobal.net;(814) 244-3554;8367;27/08/2021;
P0092;Thinkshift;Octavio Clemente;mwandel@hotmail.com;(271) 522-4588;3322;22/06/2021;
P0093;Nucleus;Balduino Pastor Luque;chinthaka@att.net;(595) 208-0611;4970;6/01/2017;
P0094;Siacsafe;Luís de Barrena;gfxguy@outlook.com;(882) 993-7396;1379;22/07/2014;
P0095;Podc;Hector Prat-Río;gknauss@mac.com;(948) 301-7736;2211;31/12/2019;
P0096;Siiniin;Dionisio Cervantes Barranco;microfab@live.com;(292) 370-9721;863;25/04/2021;
P0097;Lewiskraft;Remedios Estefanía Montesinos Ponce;tsuruta@verizon.net;(611) 450-1767;7118;19/09/2016;
P0098;Nestens;Chelo Acedo-Corominas;heroine@live.com;(394) 225-8488;8172;1/09/2012;
P0099;Crosstraining;Tecla de Manuel;curly@icloud.com;(526) 975-2687;7446;13/09/2015;
P0100;Genrali;Victor Manuel del Castilla;duchamp@sbcglobal.net;(253) 506-2793;3660;24/06/2016;
P0101;Toombit;Noa Ballesteros Pozo;dbrobins@hotmail.com;(922) 886-2008;4164;16/08/2020;
P0102;Recode Global;Nicodemo Humberto Fuster Pina;madanm@comcast.net;(898) 272-0195;2421;17/01/2016;
P0103;Admitabi;Clotilde Pinilla;gozer@outlook.com;(346) 568-2922;1705;23/01/2021;
P0104;Ai Systems;Paloma Boada-Arnal;jguyer@hotmail.com;(937) 604-0130;3993;4/07/2015;
P0105;Chameleon;Jose Antonio Moles;samavati@verizon.net;(897) 610-0241;4810;9/12/2018;
P0106;Transgate;Vera Daza Taboada;jandrese@yahoo.com;(374) 232-0419;415;27/05/2014;
P0107;Ouma Technologies;Ale Talavera Soto;seano@me.com;(446) 718-0842;6362;31/08/2020;
P0108;Bluefin Systems;Odalys Zoraida Vázquez Peiró;studyabr@live.com;(352) 445-0012;4451;8/09/2012;
P0109;Psi Engineering;Basilio Esteve-Llopis;adillon@icloud.com;(823) 574-1419;6462;26/09/2013;
P0110;WEBBI;Eloísa Parejo Donaire;;(455) 515-7886;861;31/08/2017;
P0111;Teutorm;Bruno Giménez Luz;sassen@outlook.com;(266) 971-9674;3939;17/04/2018;
P0112;Omp Consulting;Matilde Suarez Coronado;hahsler@sbcglobal.net;(316) 508-9614;7740;11/11/2012;
P0113;LOGICBA;Claudia Valderrama Cerro;pappp@comcast.net;(420) 732-4769;4230;12/11/2013;
P0114;Home Automation;Ruperta Diéguez Rosales;carroll@live.com;(601) 439-6030;4634;9/04/2016;
P0115;Eilis Enterprises;Rafa Giner Bastida;munson@gmail.com;(937) 741-3314;4061;8/03/2016;
P0116;Sequential Ai;Luciana Josefina Castilla Rebollo;murty@verizon.net;(859) 274-5984;7349;12/08/2021;
P0117;Olabram;Teodosio Carbó-Cruz;barnett@sbcglobal.net;(408) 285-3935;5774;27/02/2022;
P0118;Connectlab;Rebeca de Grande;bartak@att.net;(520) 736-2628;2261;5/08/2016;
P0119;Core Solution;Anita del Borja;nelson@me.com;(710) 869-5396;1659;20/04/2015;
P0120;Westwise Systems;Erasmo Cándido Vilar Villar;markjugg@comcast.net;(568) 539-1043;7054;19/05/2018;
P0121;Orman Art Furniture;Chita Barco-Aguilera;mirod@live.com;(479) 870-9842;3738;28/12/2017;
P0122;Aiswad;María Teresa Hernando-Cepeda;chronos@msn.com;(259) 463-1445;7630;1/08/2013;
P0123;SRLAN;Adora Bastida Uría;treit@comcast.net;(468) 616-4221;6453;10/12/2013;
P0124;City Of Lyon;Juan Bautista Jesús Gibert Alcázar;drolsky@hotmail.com;(205) 367-3867;8430;15/05/2015;
P0125;Master Key;Yésica Porcel Peláez;ralamosm@msn.com;(660) 795-3790;-3614;16/12/2012;
P0126;Ph5 Platform;Graciana Guardiola Melero;yruan@yahoo.ca;(399) 724-3168;183d3;15/04/2015;
P0127;Cathexc;Ricarda Alarcón Barco;dimensio@optonline.net;(624) 576-2749;565;8/12/2019;
P0128;Century Associates;Ariel Guerrero Torrent;scitext@msn.com;(711) 582-0718;837;1/07/2021;
P0129;Deboovers;Desiderio Balaguer Bartolomé;uraeus@gmail.com;(797) 904-1991;280;4/05/2015;
P0130;Vitalwagens;Roberto Ribes-Marco;jmorris@outlook.com;(280) 622-5156;343;24/11/2020;
P0131;Shook 4 Kids;Marita Pilar Losa Alonso;matloff@hotmail.com;(445) 852-4974;2508;21/03/2016;
P0132;NCUBE;Hugo Martí;jschauma@outlook.com;(881) 863-9461;3508;19/11/2021;
P0133;Fercussir;Epifanio Roldán Bautista;firstpr@att.net;(504) 730-3023;8346;24/06/2016;
P0134;Key Technology;Leocadio Ramírez Segarra;parrt@optonline.net;(514) 791-8993;3979;22/01/2012;
P0135;ORRON;Juliana del Cano;andersbr@icloud.com;(287) 956-0147;8037;13/01/2018;
P0136;Key Security;María Dolores Aguilar Silva;linuxhack@att.net;(966) 692-2071;5100;5/11/2012;
P0137;Heate;Fabricio Barrera Nuñez;msherr@me.com;(876) 218-8211;2001;23/01/2020;
P0138;Alzheimers Solicitors;Nydia Anguita;bryanw@hotmail.com;(882) 953-9260;4987;11/03/2013;
P0139;Kingkenny Hire;Nazaret del Nieto;mugwump@verizon.net;(258) 824-3888;6927;8/06/2017;
P0140;Bezahnli;Piedad Camino Manso;pjacklam@live.com;(950) 358-4673;7974;3/07/2016;
P0141;Xplentycom;Paulina del Gonzalo;paulv@verizon.net;(907) 363-6305;7178;21/01/2022;
P0142;Superhome Fashions;Benito Pi Pedraza;simone@att.net;(794) 588-1941;8184;23/06/2017;
P0143;Everything Beddbfty;Plinio Garcia;kosact@hotmail.com;(581) 781-6055;1107;28/12/2011;
P0144;Premier International;Dionisia Castañeda Abad;codex@mac.com;(244) 941-2269;7125;8/05/2020;
P0145;CLAPBON;Rosaura Sans Peñas;madanm@mac.com;(628) 605-5467;-1916;27/06/2013;
P0146;Modern Clothesopolis;Eliseo Ródenas Llabrés;jimmichie@hotmail.com;(713) 545-9434;8386;12/04/2019;
P0147;Urban Furniture;Mateo Coll;adhere@verizon.net;(425) 780-9794;3304;12/07/2020;
P0148;Cherrywood;Regina Blanca-Rico;sinkou@optonline.net;(380) 524-7754;3943;7/04/2020;
P0149;Woodside Rental;Juan Luis Alba Tejero;rhialto@hotmail.com;(360) 861-8107;6488;4/11/2019;
P0150;World Of Matsuri;Julián Hernando Peñas;bjoern@aol.com;(808) 822-1969;7832;7/07/2021;
P0151;Seems Furniture;Fabricio Heredia Acero;horrocks@sbcglobal.net;(925) 518-4651;5512;8/03/2013;
P0152;Brante Glass;Candelas Mena Llabrés;michiel@icloud.com;(731) 583-7006;888;19/01/2015;
P0153;One Off Roll;Salomón Mas Rico;geeber@hotmail.com;(587) 241-5488;7718;18/09/2013;
P0154;Saaanu;Teófilo Palacios-Coronado;citadel@gmail.com;(252) 374-2954;783;23/09/2018;
P0155;Dc Furniture;Jeremías de Amor;scottlee@icloud.com;(617) 798-1631;335;25/09/2021;
P0156;Furniture Cafe;Trini Quirós Ferrero;mjewell@mac.com;(337) 320-8139;7562;9/02/2022;
P0157;Maple Raguarta;Benigno Viña-Camacho;sartak@comcast.net;(485) 259-0963;3385;10/01/2021;
P0158;Frilly Pillows;Benigna Berenguer Palacio;valdez@me.com;(343) 410-7273;4936;14/01/2022;
P0159;LABOCHAIR;Amor Blázquez Pizarro;ehood@msn.com;(820) 810-0778;348;14/08/2013;
P0160;Goykay Builders;Luisina Flores Olivé;msusa@outlook.com;(565) 671-8348;1439;13/07/2021;
P0161;Eyerainloop;Ester Llanos Sanmartín;agolomsh@me.com;(960) 816-1949;4590;2/10/2013;
P0162;Atenastic Systems;Leandro Sancho Gil;naoya@mac.com;(918) 296-3965;7353;18/03/2013;
P0163;Bremco;Ciro Cayetano Tolosa Miralles;atmarks@outlook.com;(324) 252-3532;762;1/12/2019;
P0164;The Home It Service;Corona Escalona Alfonso;kronvold@aol.com;(303) 961-2715;4103;25/02/2018;
P0165;Limitless Science;Onofre Caro Guillen;bryam@icloud.com;(348) 497-4577;5911;19/08/2021;
P0166;Goggynet;Prudencio Río Rodríguez;shrapnull@optonline.net;(712) 904-7285;3841;18/09/2015;
P0167;Datapulse;Eva Renata Domínguez Gabaldón;enintend@att.net;(904) 718-6459;4413;26/01/2012;
P0168;Ahiyo Development;Aitor Gallo Gaya;eabrown@mac.com;(462) 631-1572;7013;5/08/2020;
P0169;Working Loop;Samu Galvez Frutos;fudrucker@live.com;(235) 238-0872;2412;4/05/2017;
P0170;Brimstone;Modesta de Corominas;druschel@optonline.net;(449) 245-1828;2195;3/11/2013;
P0171;Chromatica;Eleuterio Torres;tattooman@icloud.com;(509) 214-3320;4807;30/01/2013;
P0172;Vannini House;Daniela Aragonés Aparicio;jfriedl@outlook.com;(778) 773-3924;6810;20/09/2013;
P0173;Lbdoocommerce;Inmaculada Céspedes;chrwin@yahoo.com;(358) 968-1125;832;20/10/2013;
P0174;Jam Factory Industrial;Marcelino Núñez Tolosa;neuffer@optonline.net;(296) 349-7865;2955;30/03/2021;
P0175;Itchlo Digital;Aarón Cesar Posada Pintor;gward@me.com;(815) 475-9038;873;31/07/2017;
P0176;Tambore Project;Jordi Meléndez Camps;eabrown@comcast.net;(744) 716-3718;4950;28/07/2016;
P0177;Ais Efficient;Godofredo Piña-Nadal;forsberg@yahoo.ca;(301) 876-1529;4779;4/06/2012;
P0178;Joyance;Heraclio Franco Vila;jorgb@aol.com;(752) 738-1233;8370;30/04/2016;
P0179;Manicuri Lee;Macaria Vallejo Folch;carmena@hotmail.com;(217) 468-2259;661;7/10/2016;
P0180;Banco Loop;Sabas Lerma Martín;codex@yahoo.ca;(244) 358-6594;1109;6/04/2017;
P0181;Big Backup Space;Chita Pazos Revilla;zeller@msn.com;(274) 873-8430;4125;11/09/2018;
P0182;Grokzeer;Victor Puente;ilial@gmail.com;(530) 631-9558;3408;12/10/2012;
P0183;Beethoven;Domitila de Galvez;ccohen@yahoo.com;(456) 925-7058;5116;1/08/2020;
P0184;Dynamical Digital;Esperanza Pareja Puente;grady@mac.com;(975) 608-7817;7117;6/03/2013;
P0185;Infocus Digital;Teresita Pol Escalona;mallanmba@me.com;(890) 815-5287;403;22/05/2021;
P0186;Digital Tactics;Ruth Cifuentes Sevilla;farber@comcast.net;(688) 516-3513;8172;22/01/2018;
P0187;WAPPIFY;Ámbar Sáenz Agustí;eidac@aol.com;(862) 530-2812;922;22/08/2016;
P0188;Buzz Digital;Rodrigo Lastra Arco;rasca@mac.com;(867) 940-3189;1661;29/07/2017;
P0189;Digital Newsframe;Ainara Feijoo Monreal;overbom@icloud.com;(392) 474-1823;2756;5/11/2012;
P0190;Great Designs;Luís Bárcena Navas;ranasta@aol.com;(455) 994-7453;6214;21/03/2015;
P0191;Smartworld Software;Jimena Frías;pontipak@aol.com;(970) 781-3387;4845;5/11/2018;
P0192;Calibratorsmith;Inocencio Bejarano Mármol;wmszeliga@mac.com;(388) 665-5159;3747;31/07/2018;
P0193;Thinkit360;Miriam Pelayo Salazar;kosact@live.com;(547) 637-9235;657;5/02/2014;
P0194;Adview Designs;Rodolfo Méndez Alonso;keijser@me.com;(842) 848-0436;7593;24/04/2012;
P0195;Avantive;Celestino Vidal;rnewman@gmail.com;(586) 930-7723;5192;6/06/2020;
P0196;Tecnologico Periazzo;Jose Miguel Busquets Mate;jaesenjAyahoo.ca;(311) 520-9447;3423;22/09/2015;
P0197;Cq It In Qatar;Heliodoro Luís-Poza;sarahs@verizon.net;(341) 860-1976;665;22/09/2017;
P0198;Dv Consulting;Lorenza Badía Calvet;miltchev@live.com;(888) 368-8749;4531;5/09/2012;
P0199;DOSO;Zaira Tamarit Atienza;kwilliams@gmail.com;(810) 288-4068;-318;4/08/2016;
P0200;Outsource It Development;Salomé Sales-Torres;petersen@comcast.net;(736) 945-6678;7139;6/04/2017;
P0201;Tellement Factif;María José Jessica Bas Hernandez;morain@comcast.net;(301) 801-5871;4210;16/03/2015;
P0202;Contrôleur;Viviana Constanza Morante Mateo;pizza@gmail.com;(414) 345-0815;1876;4/12/2021;
P0203;API Finance;Cruz Barroso-Flor;bmorrow@icloud.com;(275) 422-3938;5388;27/09/2014;
P0204;Biomotiver;Estefanía Ángel;thassine@icloud.com;(806) 217-3832;7924;22/07/2019;
P0205;Route de la ville d'Abus;Jose Antonio Frías-Campos;ahuillet@msn.com;(712) 928-3735;5436;4/12/2016;
P0206;JOUEUR;Francisco Jose Carranza;mglee@gmail.com;(345) 760-4389;1803;18/03/2019;
P0207;Esports d'équipe;Cayetano Palau Niño;lamky@optonline.net;(667) 459-1978;7318;25/05/2018;
P0208;Impact d'équipe;Macaria Benito Armengol;ebassi@msn.com;(290) 976-0868;8380;27/02/2021;
P0209;Logiciel d'équipe;Rosalva Tenorio Carmona;jeteve@outlook.com;(821) 978-0410;7332;25/03/2022;
P0210;Recherche de pub;Julián Méndez Barroso;scottzed@aol.com;(264) 298-6094;8113;16/04/2017;
P0211;Entreprisereo;Saturnina Ribas Jimenez;amcuri@yahoo.com;(806) 457-2901;3216;13/03/2018;
P0212;En amont;Jose Antonio Saturnino Castilla Castelló;ilyaz@verizon.net;(397) 262-0865;4089;21/10/2013;
P0213;Solutions Zénitcom;Patricia Pinilla-Esparza;sfoskett@aol.com;(566) 798-8666;8420;23/03/2017;
P0214;Fuji 2g;Pánfilo Olmo-Segura;dsowsy@live.com;(810) 397-4766;5917;24/04/2014;
P0215;Chaque bon bon après Logo;Hilda Mesa Maldonado;gknauss@icloud.com;(269) 777-2686;7883;10/03/2021;
P0216;Groupe Labora;Gerardo Pellicer Montserrat;pkplex@gmail.com;(743) 745-6963;925;21/06/2019;
P0217;L'autre côté;León Cuadrado Perales;stomv@outlook.com;(250) 505-5438;2642;16/10/2016;
P0218;Myrgie;Julie Niño Pellicer;boftx@outlook.com;(260) 827-6778;8203;5/04/2022;
P0219;Accueil Robotank;Lucila Viñas Delgado;gward@msn.com;(593) 401-8793;4899;16/08/2013;
P0220;Paie Phénix;Teófila Solé-Bosch;mbswan@msn.com;(529) 737-9350;5740;28/09/2012;
P0221;Logique d'optimisation;Benigno Montalbán-Mascaró;aprakash@outlook.com;(241) 628-3119;6196;1/04/2014;
P0222;Gestion Caron;Xiomara Cabrero Suárez;dkeeler@comcast.net;(281) 431-2732;6793;13/12/2020;
P0223;Aérovans;Evita Torrents Aparicio;dburrows@verizon.net;(647) 650-8903;784;21/07/2015;
P0224;Usine 2cv;Régulo Plaza Jerez;salesgeek@mac.com;(876) 215-3650;8023;;
P0225;Nouvelle culture;Laura Jaén Álvarez;jgmyers@yahoo.com;(991) 989-8445;8167;17/10/2016;
P0226;Forêt venteuse;Agapito Figueroa-Pavón;temmink@att.net;(204) 375-4432;1242;19/09/2016;
P0227;Le Rotary club;Nilda Ana Bejarano Bernad;philb@mac.com;(673) 330-7138;1029;25/02/2020;
P0228;Transport en ligne;Onofre Calvo-Pascual;policies@yahoo.com;(312) 546-7032;913;17/06/2020;
P0229;Bonne mobilité urbaine;Eric de Briones;timlinux@icloud.com;(697) 809-9730;2386;9/06/2017;
P0230;Bt Nord;Morena Gordillo-Franco;moinefou@yahoo.ca;(257) 951-4617;7056;1/10/2017;
P0231;Ill Consulting;Ramona Riquelme Cuenca;offthelip@outlook.com;(461) 514-9369;5074;16/08/2016;
P0232;Transport ferroviaire;Jose Manuel Hernandez Huerta;weidai@icloud.com;(815) 800-1748;7070;11/06/2016;
P0233;Perles aux yeux;Felipa Abril Vargas;kramulous@optonline.net;(389) 598-6020;73c72;4/01/2018;
P0234;Laboratoires Saatchi;Macarena Eufemia Llanos Herrera;tezbo@aol.com;(274) 237-7556;5800;;
P0235;Mars Outbre;Porfirio Peinado García;jmmuller@gmail.com;(308) 689-1510;1184;15/11/2015;
P0236;Ressources CSW;Andrés del Olivera;jrkorson@comcast.net;(283) 383-6823;359;14/09/2021;
P0237;Intercités;Marisela Girón Exposito;greear@att.net;(426) 843-1426;3003;21/06/2015;
P0238;Carrière par espace;Ruy Íñigo Olmedo Domínguez;bjornk@hotmail.com;(543) 397-7882;7796;15/09/2015;
P0239;Dynamique Walna;Ibán Barceló Álamo;sekiya@yahoo.com;(486) 472-8855;6076;13/08/2016;
P0240;Trammys Australie;Samanta Olmedo Bayón;flavell@sbcglobal.net;(704) 377-8172;420;21/08/2016;
P0241;Clarisse;Ulises Valero Clemente;eabrown@sbcglobal.net;(238) 272-8069;6778;21/02/2020;
P0242;Routes Ez;Tiburcio Ovidio Jover Castelló;mugwump@outlook.com;(729) 742-2034;5947;25/04/2020;
P0243;Balade intelligente;Isa Moll Prats;mugwump@aol.com;(905) 903-7118;403;23/12/2011;
P0244;Ingénieurs Lbr;Abilio Feliciano Carrillo Lerma;fglock@gmail.com;(645) 482-8037;472;1/01/2017;
P0245;Réparation automobile Sabre;Catalina Guerra Pavón;moinefou@gmail.com;(541) 938-1407;1363;8/03/2020;
P0246;Impacex de l'île;Ruth Cano Casanova;scarolan@yahoo,ca;(690) 645-8157;7899;26/07/2017;
P0247;Nous sommes à vous;Anastasio Iglesias Flores;ijackson@comcast.net;(711) 541-2186;5955;27/01/2021;
P0248;Anti-systèmes;Abilio Feliu Gelabert;tezbo@sbcglobal.net;(913) 738-6726;3565;21/01/2022;
P0249;Start-up européenne;Luis Cervantes-Pont;ebassi@yahoo.com;(449) 929-6055;6449;6/11/2017;
P0250;Pièces d'auto Maverick;Teo Sastre Moya;xtang@sbcglobal.net;(466) 688-9765;5045;17/11/2021;
P0251;Terrible herbe;Virginia Puga Prado;noticias@hotmail.com;(608) 306-6897;6756;20/04/2022;
P0252;Ville de Revelstoke;Inés Castrillo Merino;wonderkid@optonline.net;(462) 215-9471;7408;17/04/2012;
P0253;Services de garage;Amarilis Torrent Trillo;mhoffman@comcast.net;(600) 310-6478;7753;23/04/2012;
P0254;TOYTA;Marisa María Fernanda Téllez Barranco;frode@optonline.net;(842) 633-6426;326;13/03/2019;
P0255;Administrateurs;Nayara Adoración Carnero Somoza;keutzer@sbcglobal.net;(641) 423-7450;3973;1/08/2020;
P0256;Agence Abeille Auto;Gaspar Solano;lridener@me.com;(789) 940-7559;5200;10/07/2013;
P0257;Carrière;Mauricio Cuervo Lluch;catalog@optonline.net;(757) 447-7689;8437;24/04/2013;
P0258;LOT;Juan Pablo Castro Rius;munge@outlook.com;(882) 327-7053;5080;7/01/2012;
P0259;Game Flip (systèmes d'atelier);Gustavo Oliva Tamarit;biglou@yahoo.com;(247) 355-4462;-5387;22/11/2018;
P0260;Plan de talents;Alex Mayol Aparicio;bulletin@mac.com;(319) 203-1876;2780;28/03/2017;
P0261;Nouvelle réalité virtuelle;María Belén Arenas-Solís;rohitm@live.com;(647) 461-7519;4873;16/12/2019;
P0262;Sports de vélo de route;Toño Jenaro Sainz Martí;webinc@aol.com;(993) 340-7107;3735;16/11/2020;
P0263;Iti technique;Marc Canales Monreal;evans@yahoo.com;(682) 544-2871;3174;3/07/2012;
P0264;Noyau;Amada Boada Linares;scottzed@hotmail.com;(946) 681-8464;3801;27/03/2018;
P0265;Général;Piedad Quesada Mancebo;rmcfarla@att.net;(990) 927-0907;1254;24/12/2017;
P0266;Toombbit;Andrés Felipe Gárate Armas;dkeeler@yahoo.com;(525) 639-9955;680;22/07/2020;
P0267;Recoder Global;Reyes Andrés Perales;greear@me.com;(269) 953-9661;5804;13/12/2016;
P0268;Systèmes IA;Tito del Arrieta;jrkorson@hotmail,com;(226) 441-2336;5272;13/08/2016;
P0269;Caméléon;Che del Yáñez;druschel@live.com;(327) 689-3717;2034;6/12/2018;
P0270;Systèmes de thon rouge;Anunciación Adán Arroyo;martink@sbcglobal.net;(717) 551-7169;7103;2/03/2016;
P0271;Ingénierie psi;Feliciano del Huguet;hstiles@optonline.net;(673) 541-2550;2541;17/08/2017;
P0272;Conseils Omp;Soledad Ros Agustín;seanq@hotmail.com;(492) 282-0730;5138;5/01/2013;
P0273;Logique;Octavia Arnau Rosales;bmorrow@hotmail.com;(345) 245-7163;4923;4/03/2017;
P0274;Automatisation de la maison;Pedro Torrijos;rande@live.com;(855) 355-3174;6504;29/01/2012;
P0275;Entreprises Eilis;Eloísa Baró;dwendlan@sbcglobal.net;(406) 573-4342;4839;28/09/2014;
P0276;Ai séquentielle;Francisca de Solano;lstaf@comcast.net;(782) 724-8017;2409;28/06/2019;
P0277;Connect Lab;Almudena Barragán Valentín;josephw@mac.com;(931) 406-9063;1669;4/04/2012;
P0278;Solution de base;Gilberto Arenas Zapata;druschel@comcast.net;(308) 327-2200;3592;19/01/2021;
P0279;Systèmes Westwise;Alonso Martí;gward@icloud.com;(409) 652-4229;3226;24/09/2012;
P0280;Mobilier d'art d'Orman;Godofredo Marti Bermudez;kronvold@aol.com;(783) 770-4043;3964;28/01/2021;
P0281;Aïswad;Elba Taboada Polo;syrinx@icloud.com;(539) 630-3518;1084;8/02/2017;
P0282;Ville de Lyon;Carmela de Pulido;mddallara@optonline.net;(294) 658-2744;5175;1/01/2015;
P0283;Passe-partout;Balduino Elorza Morera;presoff@mac.com;(851) 622-3038;4593;27/10/2013;
P0284;Plateforme Ph5;Humberto de Escrivá;hampton@yahoo.ca;(298) 751-6838;67s3;;
P0285;investissementc;Merche Arenas-Pareja;ntegrity@gmail.com;(522) 844-6774;1788;4/12/2021;
P0286;Associés du siècle;Wilfredo Jacinto Ballester Feijoo;rohitm@gmail.com;(249) 751-4442;2779;22/10/2013;
P0287;A secoué 4 enfants;Gisela Berta Benítez Ballesteros;wildfire@msn.com;(870) 412-0760;8146;2/07/2012;
P0288;Technologie clé;Sonia Prudencia Sola Cuadrado;kingma@hotmail.com;(611) 908-6776;1413;5/05/2021;
P0289;Orrón;Esmeralda Company;smcnabb@live.com;(796) 644-1329;1003;8/11/2017;
P0290;Clé de sécurité;Perlita de Moraleda;brickbat@live.com;(757) 945-3590;1951;12/05/2018;
P0291;Il a mangé;Benita Elorza-Leal;clkao@aol.com;(357) 693-7492;5251;18/07/2013;
P0292;Avocats Alzheimer;Tiburcio Sebastian Vigil Poza;wsnyder@yahoo.ca;(421) 297-7603;6617;30/03/2017;
P0293;Location Kingkenny;Tadeo Tomas Aller;bader@me.com;(486) 370-8803;3761;22/09/2012;
P0294;Modes Superhome;Agustín Moliner Fernandez;eidac@mac.com;(411) 346-9952;611;22/08/2021;
P0295;Tout Beddbfty;Ezequiel Bayón-Berrocal;gator@yahoo.ca;(973) 201-0917;5603;11/09/2013;
P0296;Première Internationale;Martirio Lourdes Vaquero Piña;zavadsky@gmail.com;(860) 386-4483;7088;7/05/2016;
P0297;Vêtements modernesopolis;Herminia Lastra Galiano;dialworld@mac.com;(973) 343-9990;7229;3/09/2019;
P0298;Mobilier Urbain;Xiomara Fuente Vergara;hllam@aol.com;(858) 700-8069;2162;22/06/2016;
P0299;MERISIER;Fabián Perea Gelabert;johnh@msn.com;(997) 460-8399;3818;25/12/2018;
P0300;Location de bois;Adán Vilanova;rfisher@outlook.com;(360) 394-5097;2209;4/04/2014;
P0301;Monde de Matsuri;Beatriz Acosta Chico;aegreene@yahoo,com;(438) 538-0767;5272;20/01/2012;
P0302;Semble Meubles;Calixto Borrego;tsuruta@optonline.net;(889) 796-0357;8217;25/03/2021;
P0303;Verre Brante;Cirino Cueto-Burgos;wetter@verizon.net;(366) 633-7684;4978;4/11/2013;
P0304;Un seul rouleau;Calixta Mena Matas;pspoole@yahoo.ca;(582) 235-8233;7359;5/02/2018;
P0305;Meubles DC;Jesusa de Cabrero;godeke@aol.com;(779) 385-2301;4124;14/10/2017;
P0306;Meubles Café;Gonzalo Villar Pujol;grady@optonline.net;(435) 482-8834;1200;15/06/2015;
P0307;Raguarta à l'érable;Inocencio Ovidio Galiano Moll;cgarcia@gmail.com;(468) 951-9364;2208;9/06/2013;
P0308;Oreillers à froufrous;Nayara Leal;jyoliver@me.com;(276) 811-3773;2348;1/10/2021;
P0309;Constructeurs Goykay;Tiburcio Ramón Salom;hampton@att.net;(631) 464-9774;7354;9/09/2020;
P0310;Systèmes aténastiques;Griselda Toledo-Sala;satishr@sbcglobal.net;(877) 772-0326;2190;30/06/2021;
P0311;Le service informatique à domicile;Elba Candela Galindo Solís;frikazoyd@aol.com;(666) 301-0269;680;13/05/2020;
P0312;Science illimitée;Amor Escolano Gargallo;geeber@aol.com;(796) 447-4861;3357;12/11/2020;
P0313;Impulsion de données;Nacho Cerdán-Vilalta;subir@aol.com;(665) 718-2042;6733;26/11/2014;
P0314;Développement Ahiyo;Rufino Adrián Reina Gordillo;andersbr@yahoo.com;(296) 740-8874;3134;31/03/2019;
P0315;Boucle de travail;Anselma Orozco-Pujadas;dvdotnet@comcast.net;(518) 408-1514;2588;8/02/2015;
P0316;Soufre;Ciro Valera Ródenas;rkobes@gmail.com;(497) 838-1157;7894;7/09/2019;
P0317;Chromatique;Consuela Bas Solera;;(318) 269-2381;6319;30/04/2016;
P0318;Maison Vanini;Oriana Revilla Perez;shazow@mac.com;(713) 647-1170;526;29/10/2021;
P0319;Usine de Confiture Industrielle;Candelas Ríos;dhwon@outlook.com;(933) 597-1256;4036;3/07/2020;
P0320;Itchlo numérique;Leandra Olivia Leal Maza;lcheng@att.net;(700) 450-5572;3951;30/01/2012;
P0321;Projet Tamboré;Pastora Arce Coloma;tsuruta@yahoo.com;(350) 625-5420;4970;27/12/2012;
P0322;Ais Efficace;Damián Palomares Lledó;mfburgo@hotmail.com;(408) 227-4835;4250;13/12/2016;
P0323;JOIE;Maristela Ponce;zyghom@aol.com;(294) 591-8743;7513;3/05/2012;
P0324;Manucure Lee;Melania Chaves Corbacho;ullman@me.com;(855) 736-4308;6191;9/08/2018;
P0325;Boucle Banco;Edelmira Robledo-Urrutia;vertigo@icloud.com;(763) 793-7870;6749;23/03/2013;
P0326;Grand espace de sauvegarde;Clímaco Teobaldo Fuente Cobos;jelmer@me.com;(499) 275-6735;1334;28/01/2013;
P0327;Numérique dynamique;Noa de Córdoba;sinkou@optonline.net;(476) 398-7010;2867;;
P0328;Mise au point numérique;Leonel Jara Torrijos;tjensen@hotmail.com;(632) 843-4688;2333;6/04/2017;
P0329;Tactiques numériques;Estrella Badía-Amo;grdschl@sbcglobal.net;(686) 935-7569;7831;5/04/2012;
P0330;Wappifier;Mayte Bou Cabezas;duncand@optonline.net;(908) 507-7774;8110;5/03/2019;
P0331;Buzz numérique;Ainoa Haro;dprice@verizon.net;(236) 228-8236;-286;5/05/2013;
P0332;Cadre d'actualité numérique;Julián del Guitart;drhyde@live.com;(670) 435-1970;5554;8/03/2018;
P0333;Grands dessins;Ricarda de Mayoral;atmarks@verizon.net;(251) 837-9664;3519;1/05/2022;
P0334;Logiciel Smartworld;Salud Llorens-Carro;mthurn@comcast.net;(357) 359-7575;3474;21/08/2017;
P0335;Calibrateurforgeron;Jacobo Gomez Hernández;bmidd@sbcglobal.net;(313) 267-1606;2612;17/03/2016;
P0336;Avantage;Aurelia Lozano;seasweb@icloud.com;(250) 609-3136;1615;17/06/2014;
P0337;Cq It Au Qatar;Angélica Purificación Vallejo Huerta;jguyer@hotmail.com;(738) 251-8951;5769;4/12/2021;
P0338;Conseil DV;Zoraida Cuesta Peiró;jgoerzen@me.com;(349) 340-5368;2008;9/03/2013;
P0339;Externaliser le développement informatique;Gabino Iglesias Mínguez;delpino@hotmail.com;(552) 241-4591;3171;28/06/2013;
P0340;Also Faktiv;Leocadia Galiano Barroso;pjacklam@verizon.net;(603) 693-5115;2011;21/01/2021;
P0341;Kontrolleur;Felix Sola;raides@outlook.com;(596) 738-5897;581;6/04/2020;
P0342;Finanz-API;Ramón Tomé Pont;jgmyers@verizon.net;(246) 447-6483;6478;7/12/2014;
P0343;Biomotivieren;Gil Martin;eminence@sbcglobal.net;(478) 915-6300;269;1/01/2019;
P0344;Stadt Abus Road;Lucas Sáenz Uriarte;ajlitt@outlook.com;(997) 438-1883;6023;13/06/2012;
P0345;Spieler;Sancho Llabrés Gallo;ribet@icloud.com;(268) 963-1280;8114;19/10/2021;
P0346;Team-Esport;Jose Manuel Juárez Moreno;cumarana@yahoo.com;(217) 485-6799;277;24/05/2021;
P0347;Team-Auswirkung;Micaela de Fuentes;flakeg@gmail.com;(931) 717-4342;4916;23/01/2020;
P0348;Allianzstudios;Aurelio León Campoy;eimear@me.com;(927) 495-3991;1737;31/10/2020;
P0349;Team-Software;Noé de Borrego;cderoove@comcast.net;(570) 922-5871;1956;17/02/2014;
P0350;Teknosysteme;Gastón Méndez;eegsa@optonline.net;(732) 289-7179;6806;18/05/2019;
P0351;Firmareo;Sara del Lastra;matty@aol.com;(488) 631-5624;634;18/03/2014;
P0352;Stromaufwärts;Amarilis Acedo Rosales;hikoza@gmail.com;(904) 451-1938;52s0;13/07/2016;
P0353;Zenitcom-Lösungen;Ale Cerezo;tangsh@live.com;(806) 989-4481;3711;5/05/2016;
P0354;2 g Fuji;Ruy del Seguí;wikinerd@msn.com;(681) 893-1883;-3090;10/12/2012;
P0355;Wembo-Mobil;Olalla Avilés Nieto;ismail@gmail.com;(906) 321-3564;3333;27/05/2019;
P0356;Jedes gute gute nach dem Logo;Juanita del Falcón;nicktrig@verizon.net;(541) 415-2083;6432;25/10/2012;
P0357;Die andere Seite;Antonio Herberto Carrera Zapata;brickbat@optonline.net;(239) 524-9171;6836;3/05/2012;
P0358;Robotank nach Hause;Pedro Armengol Múgica;floxy@verizon.net;(266) 724-3616;7662;18/10/2019;
P0359;Phoenix Gehaltsabrechnung;Eulalia Águila;aracne@hotmail.com;(550) 523-9164;7904;14/05/2021;
P0360;Optimierungslogik;Pepita Vendrell Rosado;bester@live.com;(259) 824-1957;8056;1/02/2020;
P0361;Caron-Management;Lorenza Jódar Gascón;boser@yahoo.ca;(813) 519-5909;2044;8/03/2015;
P0362;Kat;Juana Mínguez-Bertrán;harpes@mac.com;(481) 929-3366;1753;6/09/2018;
P0363;2cv-Fabrik;Reina Emiliana Acero Arellano;hellfire@verizon.net;(817) 490-1344;7755;23/06/2016;
P0364;Neue Kultur;Natalio de Aroca;ubergeeb@att.net;(877) 906-2373;5029;2/11/2017;
P0365;Windiger Wald;Magdalena del Peñas;mrobshaw@mac.com;(546) 431-7260;3452;4/10/2016;
P0366;Der Rotary-Club;Débora Arroyo Pastor;barnett@comcast.net;(248) 338-4237;8017;25/12/2012;
P0367;Online-Transport;José Mari Esteban Torres;feamster@yahoo.com;(607) 539-3060;3404;22/04/2015;
P0368;Gute Stadtmobilität;Roberta Nicolás;danzigism@mac.com;(850) 611-3354;3513;18/12/2015;
P0369;Schienenverkehr;Amada Conde Rosselló;wojciech@hotmail.com;(983) 225-5505;725;14/01/2014;
P0370;Carlo Carlo;Celso de Somoza;wildfire@msn.com;(694) 585-1115;2765;15/05/2017;
P0371;Perlen gemustert;Virgilio Rios Moreno;cmdrgravy@comcast.net;(884) 717-7192;4284;29/08/2018;
P0372;März Outbre;Cruz Donoso Román;zavadsky@msn.com;(781) 649-8364;6632;16/04/2016;
P0373;Csw-Ressourcen;Édgar Bautista Hervia;isotopian@yahoo.ca;(480) 956-2597;8066;29/08/2021;
P0374;Zwischenstädte;Natividad Aguirre Gual;ardagna@sbcglobal.net;(633) 836-6616;5806;10/08/2014;
P0375;Servicenetz;Maximino Isern Alonso;parrt@gmail.com;(352) 803-0170;7202;4/10/2021;
P0376;Karriere durch Raum;Carina Pacheco Roma;forsberg@yahoo.com;(803) 722-3445;6a585;26/09/2014;
P0377;Walna Dynamik;Ovidio de Cabanillas;stakasa@optonline.net;(693) 848-8607;2028;28/11/2018;
P0378;Trammys Australien;Santos Alemán Garmendia;oneiros@me.com;(854) 379-2781;1091;4/04/2016;
P0379;Ez-Straßen;Victor Manuel Anguita Cabrero;benits@gmail.com;(903) 949-4059;1180;10/06/2017;
P0380;Clevere Fahrt;Gerónimo Escrivá Riba;kramulous@live.com;(235) 321-4806;1485;5/03/2012;
P0381;Lbr Ingenieure;Calisto Enríquez Galván;monkeydo@comcast.net;(532) 611-4998;759;17/03/2014;
P0382;Säbel Autoreparatur;Gracia de Sarabia;makarow@yahoo.com;(424) 871-1009;7842;27/07/2017;
P0383;Insel Impacex;Hernán Duque;munge@mac.com;(477) 246-0094;8155;24/04/2022;
P0384;Wir gehören Ihnen;Marina Iniesta Franch;jimmichie@aol.com;(612) 989-2040;4584;9/01/2020;
P0385;Anti-Systeme;Isidro Múgica Marquez;raides@att.net;(969) 222-7509;1373;29/08/2012;
P0386;Startup Europa;Ricarda Aparicio Prieto;rgarton@comcast.net;(297) 787-6009;2345;7/01/2019;
P0387;Maxlight-Motorsport;Lope Casanova Aragonés;kildjean@live.com;(714) 696-7638;3956;;
P0388;Maverick Autoteile;Bartolomé Dan Lago Corbacho;parrt@msn.com;(809) 930-2751;4006;5/08/2017;
P0389;Schrecklicher Herbst;Socorro Cordero Salas;kmiller@icloud.com;(706) 512-3468;2249;31/01/2019;
P0390;Blaugebohrt;Dionisia Peinado;graham@att.net;(917) 389-5749;8119;14/05/2012;
P0391;Stadt Revelstoke;Íngrid Garmendia-Niño;jorgb@hotmail.com;(462) 780-6564;514;3/06/2014;
P0392;Garagendienste;Celso Carranza Lillo;yfreund@me.com;(622) 728-2813;5997;4/05/2022;
P0393;Mrzio-Management;Jose Manuel Parra Vara;martink@outlook.com;(686) 761-0539;396;26/07/2013;
P0394;Biene Autoagentur;Noemí Nogués Carrillo;quantaman@icloud.com;(971) 384-8678;7539;11/05/2016;
P0395;Visionssport;Lupe Guerra-Huguet;thomasj@att.net;(741) 322-3722;8465;18/03/2019;
P0396;Stapel;Julián Llorente Sainz;mahbub@yahoo.ca;(801) 886-2778;4419;1/05/2021;
P0397;Neue VR;Dionisia de Amaya;wainwrig@yahoo.com;(652) 909-5556;8227;14/08/2014;
P0398;Rennradsport;Lalo Bolaños Rios;uncle@comcast.net;(506) 395-8350;6993;26/06/2018;
P0399;Es ist technisch;Otilia Manso;budinger@att.net;(832) 620-9943;2913;4/12/2018;
P0400;Denkverschiebung;Genoveva Tello;improv@msn.com;(423) 997-8014;3567;3/04/2019;
P0401;Kern;Augusto Toro Santamaria;notaprguy@comcast.net;(514) 789-8027;1232;23/11/2017;
P0402;Sicher;Chuy José María Rosales Márquez;martyloo@aol.com;(355) 486-54831;3222;18/01/2019;
P0403;Cross-Training;Hermenegildo Barranco Iriarte;eminence@msn.com;(803) 760-5690;1215;30/06/2013;
P0404;Allgemein;Lucila Losada;smpeters@icloud.com;(776) 768-7137;8495;23/09/2012;
P0405;Tombit;Galo Alonso Bermejo;johnh@verizon.net;(809) 599-3994;2480;27/07/2017;
P0406;Global neu codieren;Leticia del Toro;arandal@icloud.com;(493) 756-2630;1609;25/07/2017;
P0407;KI-Systeme;Fernando Alemán-Alcalá;sbmrjbr@live.com;(376) 459-8149;5269;18/08/2018;
P0408;Chamäleon;Adriana Llanos Posada;kjetilk@me.com;(687) 599-9064;6116;18/04/2014;
P0409;Übersetzen;Chita Valentina Lopez Ibáñez;gfxguy@hotmail.com;(200) 606-4317;3579;28/07/2017;
P0410;Ouma-Technologien;Nicolás Roldán Higueras;yamla@optonline.net;(248) 491-2849;4541;10/02/2015;
P0411;Bluefin-Systeme;Iris Quevedo Piquer;chunzi@optonline.net;(340) 399-7481;770;2/05/2015;
P0412;Psi-Technik;Lino Clavero Diez;duchamp@icloud.com;(697) 227-2914;2701;24/01/2015;
P0413;Omp-Beratung;Nicanor Pla Mora;kildjean@hotmail.com;(220) 968-0001;2683;4/01/2013;
P0414;Logikba;Celestino Adadia Serna;cantu@comcast.net;(842) 658-5551;6902;22/02/2021;
P0415;Heimautomatisierung;Ascensión Borrego Perea;wenzlaff@comcast.net;(313) 285-5103;3962;25/07/2016;
P0416;Eilis Unternehmen;Sonia Macias Palomares;nogin@live.com;(715) 670-1931;5208;24/08/2020;
P0417;Sequentielle Ai;Gil Durán Álvarez;pkplex@yahoo.ca;(404) 406-7492;3761;16/12/2019;
P0418;Kernlösung;Marisol Cuesta Aguilar;dobey@live.com;(662) 735-2843;2021;20/06/2012;
P0419;Westwise-Systeme;Tamara Echeverría Castelló;klaudon@yahoo.com;(267) 461-1712;6707;28/09/2020;
P0420;Orman Kunstmöbel;Cándida del Suárez;scarolan@yahoo.ca;(565) 778-0353;5155;22/06/2015;
P0421;Srl;Arcelia de Palacio;thowell@aol.com;(839) 252-5184;2234;30/12/2016;
P0422;Stadt Lyon;Paola del Jaume;william@mac.com;(248) 727-2575;735;3/03/2014;
P0423;Hauptschlüssel;Maricruz Barceló Rebollo;wonderkid@icloud.com;(897) 743-4622;4498;2/09/2012;
P0424;Ph5-Plattform;Reyes Zabaleta Haro;maikelnai@outlook.com;(763) 740-8377;2577;8/06/2012;
P0425;Kath;Leopoldo Mateu-Villalba;hikoza@yahoo.com;(278) 349-0760;5391;15/09/2017;
P0426;Jahrhundert Partner;Ildefonso Sola Jordán;mcnihil@live.com;(795) 219-2886;5385;4/03/2022;
P0427;Debugger;Esteban Galan Buendía;ninenine@live.com;(541) 250-9163;995;24/10/2018;
P0428;Vitalwagen;Rosaura Conesa Pons;pavel@sbcglobal.net;(904) 603-5289;6823;4/02/2015;
P0429;4 Kinder geschüttelt;Paca Sanmartín-Baños;denism@icloud.com;(687) 501-6870;1119;2/03/2013;
P0430;Ferkussir;Aroa Cazorla-Villar;eurohack@live.com;(315) 329-6251;7684;6/05/2014;
P0431;Schlüsseltechnologie;Maxi Morán Sureda;skippy@optonline.net;(697) 572-9694;7925;19/06/2019;
P0432;Schlüsselsicherheit;Horacio del Duran;trygstad@comcast.net;(849) 694-8893;4593;9/08/2013;
P0433;Er aß;Renata Nicolau Peñas;fmerges@msn.com;(338) 634-0393;2404;14/05/2016;
P0434;Anwälte für Alzheimer;Rodolfo Hervia Tolosa;koudas@att.net;(360) 305-6858;5018;24/05/2020;
P0435;Kingkenny mieten;Jesusa Coll Prats;szymansk@icloud.com;(500) 465-0884;5800;9/11/2020;
P0436;Superhome-Mode;Ignacia Osuna Bárcena;gknauss@comcast.net;(318) 941-5448;5099;30/05/2019;
P0437;Alles Beddbfty;Custodio Gargallo-Ramis;rfisher@me.com;(589) 271-7321;2437;21/02/2022;
P0438;Moderne Clothesopolis;José Mari Planas-Ávila;smartfart@optonline.net;(806) 306-8032;7882;4/05/2016;
P0439;Städtische Möbel;Francisco Jose Mendez;iapetus@verizon.net;(912) 945-2030;5209;25/01/2021;
P0440;Kirschholz;Francisco Aznar Becerra;fairbank@hotmail.com;(658) 999-0758;3585;23/02/2019;
P0441;Woodside-Vermietung;Nydia Ríos-Huguet;wainwrig@aol.com;(473) 452-1046;6310;4/09/2020;
P0442;Welt von Matsuri;Benito Garcés Landa;smcnabb@aol.com;(715) 608-6247;2956;27/09/2015;
P0443;Scheint Möbel;Osvaldo Andrade Cantón;chrisk@msn.com;(207) 678-6905;4691;21/07/2015;
P0444;Brante-Glas;Anselmo de Casares;lydia@outlook.com;(354) 492-1823;4897;12/04/2012;
P0445;Einmalige Rolle;María José Madrid Campillo;tezbo@me.com;(360) 698-7565;6327;;
P0446;DC-Möbel;Clímaco Águila Sosa;ducasse@verizon.net;(483) 950-4745;5470;22/02/2022;
P0447;Café Möbel;Elías Pujol Otero;dkeeler@icloud.com;(225) 277-4513;6631;18/10/2017;
P0448;Ahorn-Raguarta;Olegario del Mateos;ghaviv@mac.com;(634) 474-8166;5275;18/11/2019;
P0449;Rüschenkissen;Trinidad Aramburu;psichel@comcast.net;(715) 989-3722;2456;11/07/2014;
P0450;Laborstuhl;Luisa Arellano-Gutiérrez;miyop@verizon.net;(879) 913-3528;4387;22/12/2015;
P0451;Goykay-Bauherren;Palmira Gallego Rodríguez;zyghom@comcast.net;(262) 426-5759;1463;2/04/2018;
P0452;Augenregenschleife;Ciriaco Cristóbal Mayol Quintero;oster@hotmail.com;(639) 520-9390;340;8/04/2017;
P0453;Atenastische Systeme;Anselmo Ballesteros Rovira;philb@optonline.net;(833) 667-2656;6872;28/04/2017;
P0454;Der Home-It-Service;Tatiana del Aguado;kannan@yahoo.com;(582) 579-9727;7688;31/07/2012;
P0455;Grenzenlose Wissenschaft;Abilio Botella-Sierra;iamcal@gmail.com;(629) 547-3694;2814;13/03/2012;
P0456;Datenpuls;Eulalia Salomé Baena Uribe;crimsane@att.net;(527) 682-3383;4042;5/10/2018;
P0457;Ahiyo-Entwicklung;Adelina Calzada Gárate;kenja@aol.com;(339) 237-9697;990;3/10/2019;
P0458;Arbeitsschleife;Corona Palacio Valle;msherr@verizon.net;(669) 763-7966;3062;5/08/2020;
P0459;Schwefel;Ismael Peiró-Gámez;sarahs@mac.com;(413) 869-0477;2345;14/02/2015;
P0460;Vannini-Haus;Elvira Godoy Santana;gbacon@gmail.com;(301) 865-0583;1739;19/04/2014;
P0461;Industrielle Marmeladenfabrik;Alfredo Piñeiro Malo;dpitts@live.com;(522) 620-096822;7462;17/07/2017;
P0462;Tambore-Projekt;Juan Bautista Ros Quesada;eidac@live.com;(331) 697-6934;1526;27/08/2021;
P0463;Ais Effizient;Román del Anglada;agolomsh@verizon.net;(221) 530-9960;4802;18/01/2017;
P0464;Freude;Pascuala Coronado;camenisch@hotmail.com;(666) 703-9333;523;13/07/2015;
P0465;Banco-Schleife;Leire Paniagua Acevedo;vlefevre@outlook.com;(569) 677-9695;7540;18/08/2015;
P0466;Großer Backup-Speicherplatz;Sofía Jiménez Soriano;wbarker@hotmail.com;(666) 682-8228;3144;26/11/2018;
P0467;Dynamisches Digital;Hector Izaguirre Donoso;mugwump@att.net;(828) 999-4752;1665;1/10/2012;
P0468;Digitale Taktik;Rocío Salgado Palomo;crowl@mac.com;(702) 203-1440;829;21/11/2013;
P0469;Summen Digital;Lucho Reguera Heredia;moxfulder@me.com;(905) 288-7767;5290;1/11/2018;
P0470;Digitaler Newsframe;Viviana Bello Alberdi;ribet@hotmail.com;(763) 488-0516;4209;24/12/2019;
P0471;Tolle Designs;Esmeralda Simó;sisyphus@aol.com;(780) 794-6628;1372;5/04/2018;
P0472;Smartworld-Software;Alexandra del Nieto;corrada@gmail.com;(951) 730-8709;1660;13/09/2013;
P0473;Kalibratorschmied;Francisca María Rosado Serna;jadavis@aol.com;(366) 439-6689;3211;3/04/2013;
P0474;Adview-Designs;Artemio Martinez-Baeza;aaribaud@mac.com;(600) 908-8973;4697;8/06/2013;
P0475;Avantiv;Vicenta Grau Naranjo;teverett@me.com;(738) 913-5563;6552;17/08/2020;
P0476;Cq es in Katar;Cintia Corbacho Luz;rwelty@att.net;(605) 922-9912;2857;15/03/2014;
P0477;DV-Beratung;José Manuel Plaza Izaguirre;richard@me.com;(751) 831-5419;4160;14/11/2017;
P0478;Tun Sie dies;Augusto del Corominas;makarow@hotmail.com;(856) 224-1191;3304;28/12/2014;
P0479;IT-Entwicklung auslagern;Néstor Milla;caidaperl@yahoo.com;(630) 967-6558;1738;10/11/2015;
P0480;Tão Fativo;Guadalupe de Peralta;meinkej@gmail.com;(693) 592-1495;6229;8/07/2020;
P0481;Controlador;Abraham Espejo;bdthomas@mac.com;(894) 346-5708;638;14/04/2012;
P0482;API de finanças;Nidia Mate Benito;kludge@mac.com;(654) 477-2550;;8/04/2013;
P0483;Biomotivar;Reyes Córdoba Folch;rafasgj@verizon.net;(563) 743-3428;6565;13/09/2021;
P0484;Metta Status_cru_lumarn;Abraham Torrijos Seco;grdschl@gmail.com;(657) 677-7992;1132;24/04/2013;
P0485;Estrada Cidade de Abus;Sabina Baró Ariza;marin@icloud.com;(948) 209-0838;2248;28/08/2016;
P0486;Jogador;Amado Sarmiento Diez;oracle@msn.com;(219) 204-8527;2583;25/04/2015;
P0487;Esportes de equipe;Jose Ramón Juan Antonio Macias Pinedo;damian@mac.com;(334) 518-1921;1624;24/01/2018;
P0488;Impacto da equipe;Lupe Mas-Cárdenas;josem@hotmail.com;(685) 564-8676;1474;29/08/2017;
P0489;Software da equipe;Darío Costa Esteban;jkegl@aol.com;(789) 855-5353;7376;12/12/2020;
P0490;Teknossistemas;Elisabet Díaz Macías;parsimony@live.com;(597) 557-7524;4824;18/04/2018;
P0491;A montante;Xiomara Jove Tolosa;gamma@aol.com;(378) 349-5882;4098;9/10/2018;
P0492;Soluções Zenitcom;Pascual del Escudero;fairbank@gmail.com;(286) 942-3369;6751;22/04/2013;
P0493;2g de Fuji;Vasco Grau Acevedo;danneng@gmail.com;(234) 322-8981;4603;12/02/2012;
P0494;Todo Bom Bem Depois do Logo;Cristian Verdugo Carro;ubergeeb@sbcglobal.net;(873) 517-5066;3937;30/11/2017;
P0495;O outro lado;Emilio Zamorano Arce;amcuri@msn.com;(961) 315-8718;5086;29/11/2016;
P0496;Madri;Lucho Ramón Romeu Sabater;skythe@comcast.net;(376) 731-9316;3464;18/03/2021;
P0497;Folha de pagamento de Phoenix;Ambrosio Gabriel Aranda Solís;sekiya@outlook.com;(805) 743-3760;6459;14/03/2022;
P0498;Laboratórios Generite;Nilda Amaya Guitart;salesgeek@sbcglobal.net;(338) 395-3610;4477;2/12/2013;
P0499;Lógica de otimização;Clemente Barberá-Cuesta;mddallara@sbcglobal.net;(303) 304-1194;6455;3/05/2017;
P0500;Gestão Caron;Chuy Gutiérrez Batlle;raides@outlook.com;(917) 626-7056;1738;11/04/2013;
P0501;2cv Fábrica;Martirio Manso-Guzman;satch@sbcglobal.net;(590) 697-5599;6073;30/06/2021;
P0502;Nova Cultura;Moisés Segarra;grothoff@me.com;(618) 366-6085;6635;18/04/2019;
P0503;Floresta dos Ventos;Lucas Lara-Losa;msherr@yahoo.com;(245) 937-0041;1124;6/08/2014;
P0504;O Rotary Clube;Amanda Ferrándiz Viana;carreras@icloud.com;(701) 532-7597;3541;12/04/2017;
P0505;Transporte on-line;Tito Doménech;danneng@aol.com;(503) 697-2032;6855;4/05/2020;
P0506;Boa mobilidade urbana;Sebastian de Camps;matty@yahoo.ca;(632) 222-8510;3580;13/07/2015;
P0507;Bt Norte;Encarnita Gilabert Nebot;chinthaka@comcast.net;(873) 402-53425;3571;18/01/2014;
P0508;Isll Consultoria;Javiera del Aparicio;noticias@me.com;(723) 568-305;778;11/11/2013;
P0509;Trânsito Ferroviário;Plácido Camino Calvet;bjoern@att.net;(584) 739-9716;-5835;28/02/2015;
P0510;Olhos de miçangas;Beatriz Ruperta Borrás Julián;seano@optonline.net;(663) 805-7134;1652;6/09/2015;
P0511;Outbre de março;Chucho Ortega Varela;crobles@yahoo.ca;(833) 885-2275;6963;7/01/2022;
P0512;Recursos Csw;Purificación del Gual;zavadsky@me.com;(890) 386-3309;7511;24/02/2015;
P0513;Intercidades;Dionisio Guerrero Castro;tmaek@yahoo.com;(484) 727-8983;1520;10/02/2015;
P0514;Carreira por espaço;Francisca Solsona Olmedo;marin@aol.com;(740) 555-9439;4226;21/01/2014;
P0515;Trammys Austrália;Odalis Santamaria-Cueto;scato@icloud.com;(818) 532-0790;1308;5/03/2017;
P0516;Estradas de Ez;Leopoldo del Mulet;carcus@yahoo.ca;(515) 266-5141;1681;25/05/2021;
P0517;Passeio inteligente;Ema Requena Villalonga;druschel@outlook.com;(330) 579-6730;2294;29/05/2021;
P0518;Engenheiros Lbr;Teodosio Benet Samper;gamma@live.com;(288) 803-5207;6338;5/07/2020;
P0519;Sabre Auto Reparação;Gabriel Oliver Peñalver;bdbrown@me.com;(547) 618-4527;7928;10/07/2017;
P0520;Ilha Impacex;Felicia Sonia Sotelo Sánchez;notaprguy@comcast.net;(868) 530-3322;328;17/07/2020;
P0521;Nós somos seus;Pedro Juan Antonio Arrieta Fábregas;kramulous@yahoo.com;(775) 849-4539;6799;29/03/2013;
P0522;Anti-Sistemas;Paula Codina Mulet;harpes@verizon.net;(986) 793-4357;651;14/05/2021;
P0523;Autopeças Maverick;Eusebia Sola Ayala;mkearl@gmail.com;(463) 662-6107;8402;17/05/2018;
P0524;Erva Terrível;Aurelio Campillo Alberola;devphil@me.com;(908) 796-8762;6131;26/05/2013;
P0525;Perfurado;Margarita Rovira Gabaldón;bmidd@verizon.net;(280) 622-6363;960;28/05/2012;
P0526;Cidade de Revelstoke;Fidel Pascual Fernández;lridener@live.com;(267) 613-8613;5766;9/02/2016;
P0527;Serviços de garagem;Coral Coca;crowemojo@me.com;(306) 859-1505;4914;2/04/2012;
P0528;Administradores;Eustaquio Fabregat;aaribaud@optonline.net;(890) 434-6124;5928;17/01/2021;
P0529;Bee Auto Agência;Carina Conesa Romero;blixem@verizon.net;(770) 996-1885;7493;12/11/2016;
P0530;Esportes de visão;Bernardino Joaquín Aguirre Carmona;jbailie@msn.com;(534) 235-9071;1720;27/01/2014;
P0531;Lote;Leocadia Valencia-Portillo;emmanuel@yahoo.com;(996) 410-9159;6412;11/07/2017;
P0532;Game Flip (sistemas de ateliê);Adela Goñi Oliva;staffelb@sbcglobal.net;(957) 496-0852;3640;17/02/2012;
P0533;Plano de talentos;Tomás Rodriguez Rueda;flavell@outlook.com;(331) 278-5242;2912;3/06/2018;
P0534;Nova realidade;Alfredo Bravo;oechslin@att.net;(238) 642-4801;5959;10/12/2014;
P0535;Esportes de bicicleta de estrada;Odalys Serafina Conde Lladó;kewley@yahoo.com;(660) 965-6609;596;12/09/2018;
P0536;Técnico Iti;Salomé Bautista Sanabria;satch@verizon.net;(383) 492-8311;6740;23/03/2017;
P0537;Mudança de opinião;Milagros Casas;bastian@att.net;(741) 803-0434;8452;23/06/2012;
P0538;Núcleo;Ramona Dora Marcos Maestre;;(293) 469-1962;8016;5/09/2019;
P0539;Treinamento cruzado;José Leal Pera;andrewik@gmail.com;(290) 775-7285;6854;1/09/2021;
P0540;Recodificar global;Belén Cañellas Batalla;fhirsch@hotmail.com;(829) 809-4718;5161;11/04/2014;
P0541;Admitábi;Armando Aller Infante;bonmots@verizon.net;(538) 922-3412;6413;20/03/2018;
P0542;Sistemas AI;Paco Cortés;marin@aol.com;(209) 732-7435;2446;28/06/2015;
P0543;Camaleão;Ángela Aramburu Palmer;kalpol@outlook.com;(496) 580-9503;648;28/10/2021;
P0544;Transferir;Prudencia Pareja Requena;dawnsong@verizon.net;(308) 813-2736;3851;25/01/2015;
P0545;Tecnologias Ouma;María Carmen Monreal Perez;stakasa@gmail.com;(592) 235-7911;5562;26/04/2018;
P0546;Sistemas Bluefin;Ciro Sales-Lucas;onestab@att.net;(710) 759-3890;5372;19/05/2017;
P0547;Engenharia Psi;Epifanio Ariza Barragán;jfmulder@verizon.net;(562) 317-5110;5557;10/04/2017;
P0548;Consultoria Omp;Albert Revilla Lillo;codex@yahoo.com;(503) 492-1018;7258;6/03/2012;
P0549;Automação residencial;Raúl Torralba Izquierdo;munjal@icloud.com;(593) 699-5294;6178;12/07/2013;
P0550;Ai Sequencial;Jose Ignacio Vallés Salinas;jipsen@mac.com;(494) 338-7896;1124;21/05/2017;
P0551;Solução principal;Chuy Briones Martín;kjetilk@comcast.net;(351) 615-4357;8486;27/05/2012;
P0552;Sistemas Westwise;Griselda de Doménech;barnett@mac.com;(592) 649-2696;2915;;
P0553;Móveis Artísticos Orman;Mamen Petrona Briones Llorens;marin@live.com;(536) 857-5249;7447;20/03/2015;
P0554;Cidade de Lyon;Manolo Giralt Vallés;wiseb@att.net;(207) 824-3846;2796;5/06/2013;
P0555;Chave mestra;Marisela de Goicoechea;wagnerch@me.com;(340) 347-9850;6147;10/08/2020;
P0556;Plataforma Ph5;Jose Francisco Esteban Quevedo;miyop@verizon.net;(594) 944-2738;5627;17/02/2021;
P0557;Catexc;Román del Lago;pjacklam@me.com;(489) 898-9164;4618;10/05/2019;
P0558;Associados do Século;Macario Godoy Cañizares;fwiles@msn.com;(284) 312-4582;2423;21/01/2022;
P0559;Abalou 4 crianças;Valero Rey;rcwil@optonline.net;(455) 474-0513;8224;14/05/2012;
P0560;Tecnologia chave;Noa Álvaro Verdejo;lpalmer@mac.com;(273) 389-4804;3853;21/11/2014;
P0561;Segurança da chave;Fabricio Prieto;wojciech@outlook.com;(911) 828-5250;6713;6/02/2019;
P0562;Ele comeu;Ale Gabaldón Estrada;khris@outlook.com;(779) 401-3606;3193;9/07/2021;
P0563;Advogados de Alzheimer;Hector del Fuentes;kronvold@gmail.com;(814) 773-0390;1855;29/09/2013;
P0564;Aluguer de Kingkenny;Obdulia Beltrán Coca;noahb@verizon.net;(640) 303-2629;5010;19/11/2019;
P0565;Supercasas de moda;Rufino Cazorla Ribes;inico@yahoo.ca;(468) 316-3431;7919;27/10/2018;
P0566;Tudo Bedbfty;Heriberto Orozco Barba;amimojo@optonline.net;(394) 957-0805;5041;16/06/2021;
P0567;Premier Internacional;Asdrubal Esteban Ruano;wayward@verizon.net;(940) 452-5220;6857;31/10/2019;
P0568;Clothesópolis moderna;Bienvenida Filomena Nuñez Bautista;jramio@comcast.net;(748) 375-3201;2050;12/05/2018;
P0569;Mobiliário Urbano;Edmundo Andrés Reig;specprog@aol.com;(745) 203-6599;3388;16/08/2021;
P0570;Madeira de cerejeira;Carmelita Peñas Mir;feamster@icloud.com;(912) 902-2405;1441;28/07/2018;
P0571;Aluguel do Bosque;Ciro Chacón Leal;tromey@yahoo.ca;(511) 323-6772;5b56;10/10/2015;
P0572;Mundo de Matsuri;Jacinta Quesada Grande;gboss@gmail.com;(706) 219-9236;685;7/01/2019;
P0573;Parece Móveis;Édgar Campoy Rico;chrisj@mac.com;(670) 359-0211;5575;12/02/2022;
P0574;Vidro Brante;Ruy Priego Oller;keijser@yahoo.ca;(674) 515-5954;532;16/02/2016;
P0575;Um Rolo;Encarnación Iniesta;uraeus@comcast.net;(553) 332-6141;1167;21/11/2018;
P0576;Móveis DC;José Luis Blázquez Landa;kjetilk@aol.com;(941) 425-9891;7965;2/10/2019;
P0577;Café Móveis;José Colom Redondo;zyghom@optonline.net;(227) 453-2492;7390;26/01/2016;
P0578;Almofadas com babados;Mamen Eufemia Ortuño Marí;floxy@yahoo.com;(667) 540-4015;2096;1/04/2019;
P0579;Cadeira de laboratório;Amílcar Valls Sancho;pontipak@icloud.com;(597) 641-1701;3769;11/09/2015;
P0580;Construtores de Goykay;Salud Larrea Álvaro;treit@optonline.net;(916) 472-9468;3635;31/01/2013;
P0581;Sistemas Ateniticos;Febe Cornejo Mascaró;bmidd@yahoo,ca;(370) 424-7914;5733;21/02/2017;
P0582;O serviço de casa;Azahar Amigó Mateos;rddesign@sbcglobal.net;(892) 440-9176;6028;22/06/2020;
P0583;Ciência sem limites;Nadia Maite Roldán Sacristán;yfreund@aol.com;(842) 319-7045;267;11/09/2016;
P0584;Desenvolvimento Ahiyo;Valentina Felisa Morillo Cañete;haddawy@att.net;(547) 992-0607;7096;23/12/2021;
P0585;Ciclo de trabalho;Camilo Nicolás Canet Farré;wayward@sbcglobal.net;(905) 213-8868;2082;15/02/2012;
P0586;Enxofre;Jimena Llanos Hierro;multiplx@att.net;(403) 940-7594;4404;24/04/2014;
P0587;Cromática;Saturnina Armengol Juárez;kmiller@outlook.com;(978) 818-9626;3355;15/12/2013;
P0588;Casa Vannini;Asunción Real Vilaplana;uraeus@hotmail.com;(371) 738-9753;7373;12/05/2016;
P0589;Fábrica de geleia industrial;Toribio Maestre Cueto;mbrown@sbcglobal.net;(366) 561-0018;6916;1/03/2012;
P0590;Projeto Tamboré;Nicolás Olegario Carpio Cordero;microfab@comcast.net;(436) 202-2284;636;14/07/2014;
P0591;Eficiente;Ezequiel Zamora Alegre;tellis@gmail.com;(308) 898-6409;6435;5/08/2015;
P0592;Alegria;Ovidio Piña Gomez;facet@hotmail.com;(245) 477-6795;3897;13/12/2012;
P0593;Grande espaço de backup;Toño Acevedo Robles;danny@outlook.com;(405) 569-8173;201;19/03/2015;
P0594;Digital Dinâmico;Natalia Sola Solano;raides@verizon.net;(803) 546-7674;5728;21/05/2017;
P0595;Digital em Foco;Heliodoro Roura Ángel;richard@sbcglobal.net;(699) 716-9878;2102;23/11/2012;
P0596;Táticas Digitais;Jenny Valderrama Abril;goldberg@yahoo.com;(604) 700-8007;7454;6/07/2015;
P0597;Zumbido Digital;Adriana Guerrero Gordillo;kwilliams@yahoo.com;(235) 878-0052;5648;17/06/2017;
P0598;Quadro de notícias digital;Leopoldo Acero;yfreund@msn.com;(918) 832-8086;7104;3/01/2019;
P0599;Ótimos designs;Eva María Garmendia Lloret;stevelim@sbcglobal.net;(381) 488-1289;6347;29/10/2016;
P0600;Software Smartworld;Zacarías Aragón;lahvak@live.com;(214) 474-1695;375;17/08/2018;
P0601;ferreiro calibrador;Isabela Noguera;mavilar@mac.com;(804) 936-6456;4997;8/03/2012;
P0602;Pense 360;Calixto Losada Gelabert;budinger@att.net;(579) 461-0597;5440;10/07/2019;
P0603;Designs do Adview;Anunciación Peñas;earmstro@att.net;(768) 861-6777;7245;4/12/2017;
P0604;Avançada;Fabiola Carpio-Pagès;nachbaur@verizon.net;(830) 731-7426;733;10/09/2019;
P0605;Tecnológico Periazzo;Teo Quero Beltrán;webinc@outlook.com;(470) 328-5568;727;28/12/2015;
P0606;Cq It No Catar;Obdulia Ainara Pinedo Bravo;killmenow@yahoo.ca;(473) 245-4520;3370;26/06/2013;
P0607;Consultoria de desenvolvimento;Reyna Villalobos Oller;jguyer@live.com;(940) 754-1784;3954;21/01/2012;
P0608;Faça isso;Milagros Gallart Conesa;druschel@yahoo.com;(280) 807-7001;6095;31/08/2020;
P0609;Desenvolvimento de TI terceirizado;Adelia Alcaraz Soria;joglo@me.com;(514) 505-4450;3864;11/06/2019;
P0610;Tan factiu;Maura de Alba;jwarren@hotmail.com;(860) 664-7885;3531;19/01/2013;
P0611;Carretera Ciutat d'Abus;Etelvina del Márquez;hling@yahoo.com;(411) 331-683;3072;15/09/2017;
P0612;Jugador;Cornelio Bauzà Alberola;dunstan@att.net;(548) 526-518;4961;26/08/2021;
P0613;Equip Esports;Heliodoro Aguiló Pardo;jgoerzen@gmail.com;(727) 702-1618;4867;16/01/2019;
P0614;Impacte de l'equip;Nilda Amat Juliá;munge@msn.com;(871) 370-2133;2017;19/09/2016;
P0615;Programari d'equip;Américo Gilberto Soria Morcillo;mhoffman@comcast.net;(836) 215-3509;1018;1/07/2013;
P0616;Teknosistemes;Catalina Vazquez Vergara;phish@me.com;(840) 962-1870;4542;30/04/2013;
P0617;Riu amunt;Angelino Pozuelo Diéguez;tromey@optonline.net;(383) 291-5866;1780;24/01/2014;
P0618;Solucions Zenitcom;Salomé Mateo Huguet;enintend@att.net;(648) 913-4187;2558;20/04/2015;
P0619;Fuji de 2 grams;Paloma Alberto Morell;mlewan@outlook.com;(375) 244-3899;7726;26/01/2016;
P0620;Myvitchco;Rufina Tomé Salmerón;mailarc@yahoo.ca;(985) 481-7877;1074;5/03/2016;
P0621;Tot el logotip de Good Good After;Natalia Baró Cañete;tedrlord@live.com;(980) 463-2254;4383;1/04/2020;
P0622;Grup Labora;Lorena Robledo;tbmaddux@sbcglobal.net;(760) 644-7997;1581;29/05/2017;
P0623;L'altra banda;Azucena Arnaiz Beltran;avalon@outlook.com;(531) 815-1151;7933;4/11/2016;
P0624;Mirgia;Clara Sanjuan Guerrero;pappp@live.com;(914) 720-0136;6433;18/07/2015;
P0625;Casa Robotank;Aránzazu Morillo Berenguer;starstuff@aol.com;(864) 913-4164;1703;27/06/2012;
P0626;Nómina Phoenix;Rosalinda Palmer Palau;fmtbebuck@outlook.com;(984) 626-1861;1314;13/05/2013;
P0627;Lògica d'optimització;Valeria Caballero Mur;rattenbt@att.net;(233) 441-6017;2036;9/11/2018;
P0628;Gestió Caron;Xiomara Serna;stewwy@mac.com;(393) 668-4150;6618;1/01/2022;
P0629;Fàbrica de 2cv;Melchor Barberá Rey;gemmell@msn.com;(679) 282-7817;2165;5/09/2013;
P0630;Bosc Ventós;Mariana Alvarez-Roca;rcwil@sbcglobal.net;(943) 737-3322;4325;26/08/2018;
P0631;El Rotary Club;Candela de Álvarez;noahb@icloud.com;(340) 833-4316;3159;31/03/2018;
P0632;Transport en línia;Goyo Gomez Garmendia;"mleary@sbcglobal;net";(754) 917-2841;5131;19/01/2017;
P0633;Bona mobilitat a la ciutat;Jesusa Molins;odlyzko@gmail.com;(871) 634-5979;7168;23/07/2018;
P0634;Trànsit ferroviari;Sosimo Téllez;caidaperl@verizon.net;(255) 735-0363;4685;24/11/2020;
P0635;Laboratoris Saatchi;Claudia Amaya Medina;adillon@gmail.com;(743) 547-1331;4648;16/04/2018;
P0636;Interciutats;Elba Ferrera Colomer;evilopie@gmail.com;(624) 874-7647;3770;25/09/2016;
P0637;Carrera per espai;Agustina de Infante;odlyzko@live.com;(534) 558-4441;6278;3/01/2018;
P0638;Dinàmica Walna;Julián Ruiz-Badía;jfinke@verizon.net;(913) 528-2635;8243;30/11/2013;
P0639;Trammys Austràlia;Maxi Celia Salazar Iniesta;scato@comcast.net;(670) 433-7505;6189;20/09/2021;
P0640;Carrers Ez;Kike Camino Armengol;rkobes@me.com;(405) 270-3777;1105;26/04/2018;
P0641;Passeig intel·ligent;Coral Tudela;makarow@verizon.net;(204) 571-0033;1282;21/09/2019;
P0642;Lbr Enginyers;Rosalía Rubio Donaire;dhwon@icloud.com;(432) 713-0707;649;6/04/2022;
P0643;Reparació d'automòbils Sabre;Martina Salamanca Arce;tfinniga@me.com;(514) 599-9281;2454;29/11/2016;
P0644;Illa Impacex;Juan Francisco de Morante;intlprog@yahoo.com;(986) 394-6481;336;13/02/2019;
P0645;Som teus;Tristán Zamorano Alegria;rnelson@live.com;(386) 612-2027;2387;18/12/2020;
P0646;Antisistemes;Aurora Sola Pavón;danneng@yahoo.ca;(835) 678-6977;5824;5/12/2017;
P0647;Peces d'automòbils Maverick;Jesús Gomis Nevado;stefano@sbcglobal.net;(292) 292-4616;2307;;
P0648;Ciutat de Revelstoke;Adalberto Ortiz Meléndez;fukuchi@yahoo.com;(775) 733-8457;8472;10/09/2016;
P0649;Serveis de garatge;Leocadio Pagès Mendizábal;konst@yahoo.com;(372) 347-8353;4633;28/04/2020;
P0650;Direcció Mrzio;Luisina Higueras-Clavero;jshirley@verizon.net;(615) 778-2959;7766;12/03/2020;
P0651;Administradors;Victoriano Fabra-Viñas;nanop@hotmail.com;(416) 245-3179;5011;26/04/2022;
P0652;Agència Bee Auto;Saturnina Parejo Portillo;raides@me.com;(739) 948-0623;4816;29/02/2020;
P0653;Visió esportiva;Nayara Gonzalo Manzanares;jtorkbob@optonline.net;(414) 340-8023;6503;8/12/2016;
P0654;Nou Vr;Norberto del Peña;skoch@verizon.net;(791) 355-4360;2196;2/04/2013;
P0655;Esports amb bicicleta de carretera;Pablo Rojas;skaufman@optonline.net;(714) 385-99;5993;6/10/2012;
P0656;Iti Tècnic;Calixta Pallarès;jamuir@hotmail.com;(990) 448-264;8365;28/04/2017;
P0657;Canvi de pensament;Trinidad Valencia Pablo;ramollin@msn.com;(970) 709-5227;4944;5/01/2017;
P0658;Nucli;Cleto Gargallo Rodrigo;mirod@att.net;(350) 767-0078;2241;19/03/2021;
P0659;Entrenament creuat;Edelmiro Alcolea Castells;catalog@hotmail.com;(570) 624-3623;5623;20/02/2018;
P0660;Sistemes Ai;Adoración de Carmona;geekgrl@hotmail.com;(785) 593-7104;1345;26/04/2020;
P0661;Camaleó;Amor Espinosa Rivas;kingjoshi@verizon.net;(701) 725-6313;4154;10/09/2013;
P0662;Tecnologies Ouma;Vilma de Cabeza;yfreund@sbcglobal.net;(386) 336-0579;7600;15/10/2020;
P0663;Sistemes Bluefin;Florina Arrieta Infante;jfreedma@comcast.net;(866) 748-0444;2476;5/09/2018;
P0664;Enginyeria Psi;María Amaro Moreno Reyes;leocharre@mac.com;(544) 213-4553;1801;25/03/2016;
P0665;Lògica;María Manuela Sola Jover;"agolomsh@live;com";(956) 587-5283;-1951;3/01/2021;
P0666;Domòtica;Regina Rosa Macías;formis@live.com;(476) 955-4567;6545;10/05/2019;
P0667;Empreses Eilis;Maximino Figueras;ntegrity@hotmail.com;(620) 774-4600;4393;27/09/2019;
P0668;Ai seqüencial;Jose Carlos del Serrano;bbirth@verizon.net;(526) 671-7655;235;11/10/2017;
P0669;Solució bàsica;Atilio Sala Echevarría;rsteiner@outlook.com;(203) 926-5564;8219;9/03/2019;
P0670;Sistemes Westwise;Ciro Andres-Bravo;bebing@yahoo.ca;(771) 764-7112;1011;27/04/2020;
P0671;Mobles d'art Orman;Heraclio Viana Porcel;onestab@msn.com;(366) 582-6034;2535;2/04/2012;
P0672;Ciutat de Lió;Anacleto Collado Figueroa;eimear@msn.com;(314) 749-4774;6486;24/04/2018;
P0673;Clau mestra;Lilia Barriga-Palacio;purvis@yahoo.ca;(428) 578-4074;6098;25/08/2016;
P0674;Associats del segle;Alonso Patiño Roselló;stecoop@att.net;(656) 216-4346;2381;21/11/2013;
P0675;Tecnologia clau;Miguel Ángel de Contreras;drhyde@comcast.net;(881) 452-6436;4207;27/03/2017;
P0676;Seguretat de claus;Selena Sales Cerdá;dpitts@live.com;(880) 330-4367;7025;6/08/2021;
P0677;Menjava;Roldán León Mateo Melero;jgmyers@comcast.net;(429) 720-3254;1143;12/02/2020;
P0678;Advocats d'Alzheimer;Severiano Llorente Calatayud;ninenine@comcast.net;(655) 684-6687;4446;20/12/2020;
P0679;Tot Beddbfty;Maite Mercader Sotelo;uraeus@mac.com;(600) 501-2527;970;30/03/2014;
P0680;Primera Internacional;Daniela de Jove;sakusha@yahoo.com;(338) 301-2600;7113;11/12/2012;
P0681;Roba Moderna;Calixta Fábregas Caballero;mcmillan@yahoo.ca;(666) 419-9076;8412;2/11/2020;
P0682;Mobiliari Urbà;Fidela del Águila;gknauss@mac.com;(709) 470-7302;6435;7/11/2012;
P0683;Cirerer;Reynaldo Rosselló Sosa;fairbank@outlook.com;(873) 234-7271;4044;2/07/2016;
P0684;Lloguer de Woodside;Leandra Arranz Viana;ghost@msn.com;(871) 296-7834;3958;17/10/2015;
P0685;El món de Matsuri;Luis Ángel Montenegro-Cózar;sriha@verizon.net;(635) 321-1365;1685;8/04/2021;
P0686;Sembla un moble;Alma del Cantón;teverett@gmail.com;(817) 468-2875;2089;10/08/2017;
P0687;Vidre Brante;Blanca Cal-Alegria;dbanarse@sbcglobal.net;(937) 415-9164;855;20/03/2020;
P0688;Dc Mobles;Noemí Gelabert Benítez;tattooman@mac.com;(821) 976-7611;4029;18/03/2021;
P0689;Cafeteria Moble;Desiderio Soto Marin;matty@yahoo.com;(883) 728-6345;851;20/09/2018;
P0690;Raguarta d'auró;Edelmira Serna-Corbacho;hwestiii@yahoo.com;(307) 852-6483;6056;5/08/2013;
P0691;Coixins amb volants;Fulgencio Ávila Castellanos;cisugrad@comcast.net;(262) 502-89;2723;23/11/2021;
P0692;Constructors Goykay;Noé Leon Iñiguez;parksh@att.net;(467) 295-3488;4857;11/02/2021;
P0693;Sistemes Atenàstics;Hilario Donaire Zabaleta;chrisj@outlook.com;(617) 413-7787;3218;21/04/2014;
P0694;El Servei Home It;Antonio Pardo-Bilbao;burniske@sbcglobal.net;(959) 319-5027;8430;14/11/2019;
P0695;Ciència il·limitada;Anna Montoya Dalmau;ranasta@att.net;(984) 436-1146;7189;16/04/2013;
P0696;Desenvolupament Ahiyo;Estrella Rosalina Riquelme Sevillano;jshirley@outlook.com;(656) 814-0514;6364;26/04/2020;
P0697;Bucle de treball;María Dolores Mirta Landa Peláez;chrisj@mac.com;(579) 446-8133;5260;26/03/2018;
P0698;Sofre;Ainoa Mesa Sáez;evilopie@mac.com;(874) 564-7324;3110;10/03/2015;
P0699;Cromàtica;Santiago Benitez Almeida;catalog@aol.com;(397) 510-8053;5139;29/03/2021;
P0700;Fàbrica de melmelada industrial;Ariel Álvaro;kjetilk@att.net;(949) 386-4114;3046;9/03/2018;
P0701;Projecte Tambore;Octavio de Milla;report@msn.com;(674) 632-3946;5638;13/08/2012;
P0702;Ais eficient;Artemio Manso Adadia;druschel@msn.com;(355) 310-0684;5684;16/11/2014;
P0703;Banc Loop;Reinaldo Pol;gknauss@me.com;(363) 527-8562;3869;14/01/2016;
P0704;Gran espai de còpia de seguretat;Sigfrido Delgado Jara;munjal@mac.com;(891) 323-0418;4062;9/10/2013;
P0705;Dinàmica Digital;Estefanía Uribe Agullo;mhassel@att.net;(382) 692-8580;4789;16/05/2018;
P0706;Tàctiques digitals;Julio Morata Llopis;rcwil@outlook.com;(334) 235-3219;4444;27/04/2021;
P0707;Notícies digitals;Marcela Uría Peñas;fairbank@me.com;(433) 569-6143;5760;5/03/2021;
P0708;Grans dissenys;Narcisa Camino Sevilla;luebke@aol.com;(561) 989-6966;4107;9/11/2018;
P0709;Programari Smartworld;Marisa Arnaiz Llobet;jcholewa@hotmail.com;(787) 860-6862;1695;12/09/2018;
P0710;Calibrador;Edelmiro Tena Guerrero;crusader@yahoo.ca;(403) 728-9711;6546;4/12/2012;
P0711;Dissenys Adview;Violeta Buendía Bárcena;djupedal@gmail.com;(697) 851-5459;8137;1/10/2015;
P0712;Avantatge;Victoriano Sancho Llanos;dcoppit@sbcglobal.net;(991) 797-3376;6269;22/11/2020;
P0713;Tecnològic Periazzo;José Escamilla Iñiguez;netsfr@verizon.net;(313) 944-3592;4203;10/06/2017;
P0714;Cq It A Qatar;Leticia Iglesias-Carretero;gfxguy@icloud.com;(378) 904-3784;5904;8/07/2014;
P0715;Consultoria DV;Alejandra Vega Martínez;teverett@mac.com;(656) 295-8917;5168;5/01/2018;
P0716;Fes-ho;Teófila Prat-Valls;hedwig@outlook.com;(724) 696-0234;7923;21/10/2012;
P0717;Externalitzar el desenvolupament;Germán Llopis Aranda;dgatwood@comcast.net;(216) 357-0584;442;1/10/2021;
P0718;Così fazioso;Domingo Canet-Llorente;mjewell@optonline.net;(348) 893-2036;2034;13/05/2018;
P0719;Controllore;Ale España Tejera;jmcnamara@icloud.com;(272) 487-7128;4356;19/02/2013;
P0720;Finanza Api;Lucio Morata-Villalobos;eurohack@yahoo.ca;(614) 434-5166;2488;29/02/2016;
P0721;Biomotivare;Alma Bonet Alberola;lauronen@outlook.com;(654) 381-9880;7138;3/05/2015;
P0722;Città Di Abus Road;Abigaíl Planas Estévez;webteam@yahoo.com;(684) 703-7325;1839;10/01/2016;
P0723;Giocatore;Primitiva Casares Ruano;timlinux@verizon.net;(609) 359-0433;2850;2/10/2016;
P0724;Esport di squadra;Haroldo Diéguez Llopis;magusnet@icloud.com;(203) 856-2849;5950;7/12/2012;
P0725;Impatto di squadra;Marc Pelayo Rovira;aegreene@att.net;(682) 350-8495;6069;4/01/2022;
P0726;Software di squadra;Concepción del Montes;miturria@comcast.net;(537) 673-1052;6786;20/04/2020;
P0727;Tecnosistemi;Cecilia Cortes Mendoza;mavilar@yahoo.ca;(567) 349-8068;7014;3/01/2020;
P0728;A monte;Flavio Peña-Arana;pizza@aol.com;(452) 613-6215;5941;14/08/2021;
P0729;Soluzioni Zenitcom;Rafael Caro Quevedo;pajas@msn.com;(911) 332-4037;2528;12/09/2021;
P0730;Fuji da 2 g;Roldán Aparicio Recio;wortmanj@icloud.com;(759) 523-1918;8222;12/10/2021;
P0731;Myvicco;Gisela Balaguer;msusa@optonline.net;(848) 433-546;2674;24/12/2020;
P0732;Ogni buono dopo il logo;Eloísa Infante Requena;drezet@yahoo.com;(378) 599-3981;4220;10/12/2021;
P0733;L'altra parte;Guillermo Peñas;steve@me.com;(571) 700-8038;3013;12/01/2014;
P0734;Casa Robot;Arturo Iborra;natepuri@hotmail.com;(869) 514-3107;1039;11/04/2021;
P0735;Il libro paga di Phoenix;Julián Solé Maestre;teverett@optonline.net;(561) 840-0529;7923;3/10/2020;
P0736;Laboratori generici;Donato Peralta Araujo;neuffer@comcast.net;(741) 565-0687;597;13/05/2019;
P0737;Logica di ottimizzazione;Marcelo Loreto Zabaleta Coello;ylchang@verizon.net;(323) 410-9851;457;20/08/2012;
P0738;Gestione Caron;Gustavo Jerónimo Carvajal Sancho;xnormal@live.com;(603) 376-1597;2625;5/01/2019;
P0739;Aerovan;Victor de Sastre;jrkorson@icloud.com;(835) 472-7119;1184;8/07/2019;
P0740;Fabbrica 2cv;Paco Múñiz Becerra;dpitts@verizon.net;(889) 670-8434;6241;5/03/2021;
P0741;Nuova cultura;Vito Torrents Bellido;grady@comcast.net;(686) 629-1665;2902;22/08/2014;
P0742;Foresta ventosa;Teodoro Osorio Carpio;hllam@outlook.com;(685) 627-4277;8280;6/05/2012;
P0743;Il Rotary Club;Santiago Díaz Reina;torgox@verizon.net;(871) 754-1460;7943;17/02/2015;
P0744;Trasporto in linea;Graciana Pintor Alba;munson@mac.com;(397) 447-9975;8147;12/04/2016;
P0745;Buona mobilità cittadina;Máximo Tirado;twoflower@verizon.net;(814) 429-2567;870;28/02/2020;
P0746;Isl Consulting;Régulo del Pou;fudrucker@yahoo.com;(917) 707-7038;2567;20/06/2012;
P0747;Transito ferroviario;María Samper Sedano;boein@sbcglobal.net;(422) 564-7544;6297;26/05/2017;
P0748;Perline Eyed;Chema Andrade Gabaldón;hling@sbcglobal.net;(972) 833-6845;6328;30/04/2012;
P0749;Laboratori Saatchi;María José Miranda Llano;scotfl@sbcglobal.net;(906) 742-5904;5781;7/08/2016;
P0750;Marzo Outbre;Hilda Ayllón Batalla;whimsy@msn.com;(721) 948-2183;7004;30/10/2017;
P0751;Risorse Csw;Armida Vizcaíno Iniesta;codex@optonline.net;(280) 829-1894;1525;13/09/2018;
P0752;Intercity;Sara Corominas Blanca;wbarker@sbcglobal.net;(852) 210-4614;5591;24/07/2013;
P0753;Carriera per spazio;Jenny Palomares Baena;stecoop@att.net;(285) 253-9406;1997;25/05/2020;
P0754;Dinamica Walna;Luciana de Salinas;miami@msn.com;(677) 831-7818;5260;27/06/2020;
P0755;Trammy Australia;Nicolasa Arcos Oller;lydia@outlook.com;(628) 745-9180;3788;17/04/2018;
P0756;Ez Strade;Noa Corbacho Becerra;dalamb@optonline.net;(799) 964-5080;4509;20/05/2018;
P0757;Corsa intelligente;Adán Cabeza Uría;damian@live.com;(431) 296-6737;3935;19/06/2018;
P0758;Lbr Ingegneri;Marina Sedano Pujadas;mnemonic@yahoo.ca;(830) 227-9693;1033;1/05/2014;
P0759;Riparazione auto Saber;Carmelita de Vizcaíno;ideguy@yahoo.com;(774) 703-4142;2998;2/05/2015;
P0760;Isola Impacex;Francisco Jose Carnero Noguera;lbaxter@att.net;(386) 909-2525;4765;7/11/2021;
P0761;Siamo tuoi;Jacinto Aranda Ayllón;moxfulder@aol.com;(522) 458-6527;4163;17/10/2016;
P0762;Antisistemi;Fabiola Samper Alfonso;osrin@me.com;(696) 377-6948;5856;4/11/2021;
P0763;Maxlight Motorsport;Balduino Serra;pgottsch@optonline.net;(500) 627-0956;2387;12/04/2017;
P0764;Ricambi auto non conformisti;Pili Pina Pozuelo;rohitm@sbcglobal.net;(224) 693-4039;1594;6/04/2017;
P0765;Erborista terribile;Mariano de Aguilar;plover@comcast.net;(455) 204-3718;2248;8/05/2014;
P0766;Città di Revelstoke;Ana Belén Martinez Cuéllar;melnik@me.com;(245) 591-6852;3149;17/03/2014;
P0767;Servizi di garage;Apolonia Rivero Cañas;isotopian@hotmail.com;(433) 212-3868;1427;24/04/2019;
P0768;Amministratori;Ricarda Hernando Hoz;mdielmann@msn.com;(495) 275-4852;4527;14/02/2014;
P0769;Agenzia per l'auto delle api;María Fernanda Fuster Artigas;draper@optonline.net;(642) 295-3504;5670;2/04/2019;
P0770;Vision Sport;Venceslás Hoyos Palacios;plover@yahoo.com;(946) 962-4147;2776;13/11/2016;
P0771;Lotto;Basilio Royo Elías;odlyzko@me.com;(670) 984-0102;3144;21/02/2020;
P0772;Gioco Flip (sistemi di ateler);Moisés Malo Merino;brainless@aol.com;(650) 489-1262;3453;24/10/2014;
P0773;Nuovo Vr;Alfonso Vinicio Montoya Diaz;bogjobber@verizon.net;(745) 515-7670;4982;25/01/2012;
P0774;Sport per bici da strada;Prudencio Herranz;pthomsen@yahoo.com;(418) 982-2387;2155;30/01/2020;
P0775;Iti tecnico;Ascensión Gutiérrez Domínguez;fukuchi@me.com;(399) 276-0829;3334;26/01/2018;
P0776;Nucleo;Baltasar de Valenciano;starstuff@icloud.com;(485) 996-8883;7810;13/12/2019;
P0777;Nidifica;Fernanda Arcos Tomás;phyruxus@gmail.com;(574) 612-7604;4681;20/11/2020;
P0778;Allenamento incrociato;Bernardo Otero Cabrero;seasweb@att.net;(601) 737-8053;311;2/02/2014;
P0779;Ricodifica globale;Felicidad Roca Font;crobles@hotmail.com;(464) 792-1295;3913;;
P0780;Ammetto;Guadalupe del Roldan;augusto@live.com;(548) 720-8452;3009;9/03/2012;
P0781;Ai Sistemi;Aroa Nieto;debest@mac.com;(237) 353-4464;1059;11/05/2012;
P0782;Camaleonte;Pánfilo Villalobos Villar;klaudon@verizon.net;(279) 927-3246;1920;12/07/2017;
P0783;Transgare;Alonso Frías Gámez;arnold@me.com;(683) 987-46;4419;25/11/2015;
P0784;Tecnologie Ouma;Gerardo Aitor Sáenz Martín;hager@live.com;(353) 908-6912;3996;15/03/2020;
P0785;Sistemi del tonno rosso;Nadia España-Salazar;ozawa@me.com;(588) 264-0372;4240;21/11/2016;
P0786;Ingegneria Psi;Bernardo Fabregat Pombo;pajas@yahoo.com;(260) 867-3622;236;20/02/2012;
P0787;Consulenza Omp;Pía Perlita Pina Vallés;ilyaz@yahoo.com;(278) 902-7680;1551;2/04/2018;
P0788;Logica;Susanita Cortes Diego;cosimo@msn.com;(809) 353-3010;7704;8/06/2018;
P0789;Domotica;Rosalina Jaume Rovira;weazelman@hotmail.com;(810) 209-1023;6487;10/08/2017;
P0790;Eilis Imprese;Gaspar Riba;tangsh@me.com;(512) 430-3539;1105;5/01/2022;
P0791;Ai sequenziale;Ismael Colomer Barberá;esbeck@icloud.com;(701) 838-3503;7490;4/03/2016;
P0792;Soluzione centrale;Maricruz Haro;andrei@yahoo.ca;(704) 249-1649;1579;9/06/2013;
P0793;Sistemi Westwise;Anita Valdés Sarabia;tsuruta@sbcglobal.net;(837) 653-8149;4302;5/04/2019;
P0794;Mobili d'arte Orman;Teobaldo Cózar Blanch;ateniese@hotmail.com;(584) 982-6760;2891;21/06/2017;
P0795;Città Di Lione;Iris Valera Santiago;biglou@comcast.net;(722) 473-2852;7863;22/10/2015;
P0796;Chiave maestra;Sonia Isabel Trillo Lasa;muadip@msn.com;(270) 845-9099;2339;2/04/2014;
P0797;Piattaforma Ph5;Carmina Bernarda Castro Casado;dwsauder@sbcglobal.net;(939) 623-3386;7285;8/08/2016;
P0798;Associati Secolo;Guiomar Fabregat Prieto;jfreedma@verizon.net;(790) 765-6974;4666;18/05/2018;
P0799;Deboover;Artemio Montes Bautista;tubajon@sbcglobal.net;(907) 941-1305;2426;5/02/2019;
P0800;Ha scosso 4 bambini;Che Manuel Bello;noahb@gmail.com;(644) 823-3636;3959;10/12/2020;
P0801;Tecnologia chiave;Merche Reguera Plaza;rgiersig@aol.com;(990) 222-4687;5218;8/02/2012;
P0802;Sicurezza chiave;María Manuela Sabater Arana;jguyer@gmail.com;(448) 264-8650;3033;4/11/2021;
P0803;Ha mangiato;Petrona Luján Corral;dvdotnet@msn.com;(799) 916-0382;4348;9/11/2013;
P0804;Avvocati di Alzheimer;Modesto de Tena;leviathan@msn.com;(479) 201-0900;1416;14/06/2018;
P0805;Noleggio Kingkenny;Fernanda Tirado Martin;metzzo@icloud.com;(309) 916-0700;3399;17/12/2015;
P0806;Xplenticom;Beatriz Infante Almagro;kassiesa@comcast.net;(752) 943-5453;4019;17/07/2013;
P0807;Moda Supercasa;Fátima Cánovas;jsbach@optonline.net;(932) 523-5964;1121;23/06/2018;
P0808;Tutto Beddbfty;Enrique Salamanca Ávila;aglassis@yahoo.ca;(632) 567-0133;1239;30/07/2017;
P0809;Premier Internazionale;Pili Estévez-Buendía;balchen@gmail.com;(889) 255-3973;3971;6/06/2018;
P0810;La moderna Clothesopolis;Nico Ávila;jsnover@att.net;(225) 605-0662;2299;9/05/2017;
P0811;Arredi urbani;Sofía Guillén-Montero;dwendlan@verizon.net;(602) 351-2564;3476;6/11/2018;
P0812;Legno di ciliegio;Nilo Colom Artigas;telbij@att.net;(645) 933-2526;3812;26/12/2017;
P0813;Affitto Woodside;Itziar Solano Gimenez;chaikin@icloud.com;(973) 758-1168;6562;9/07/2017;
P0814;Il mondo di Matsuri;José Antonio del Ferrer;lauronen@outlook.com;(304) 287-5009;6994;21/03/2019;
P0815;Sembra Mobili;Rufino Tudela Soler;jigsaw@msn.com;(666) 411-1960;6878;9/03/2018;
P0816;Brante vetro;Gabriel del Tomas;mbrown@msn.com;(227) 227-0791;6382;25/03/2012;
P0817;Una tantum;Jose Carlos de Ocaña;dialworld@sbcglobal.net;(263) 679-4242;3708;26/09/2020;
P0818;Mobili Dc;Bienvenida Gilabert-Aguilera;benanov@verizon.net;(686) 485-2145;3338;22/08/2016;
P0819;Arredamento Cafè;Sancho Melero Palma;jnolan@optonline.net;(724) 320-3828;8260;4/09/2013;
P0820;Raguarta d'acero;Rosenda Planas Pozuelo;sassen@icloud.com;(689) 468-1028;3753;15/01/2018;
P0821;Cuscini Frilly;Olalla Mendez Chamorro;wbarker@yahoo.ca;(800) 589-1339;7259;29/10/2021;
P0822;Sedia da lavoro;Candelaria Antón Roda;tellis@hotmail.com;(852) 954-4338;6864;;
P0823;Costruttori di Goykay;Abraham Mate Moya;kludge@mac.com;(817) 589-6264;262;9/05/2012;
P0824;Occhiello;Graciano Ariño Almansa;gozer@sbcglobal.net;(897) 384-1648;7227;5/07/2015;
P0825;Sistemi atanastici;Kike Solera Arregui;portele@live.com;(859) 804-1249;3396;24/04/2017;
P0826;Il servizio a domicilio;Calixto Blas Segarra Galindo;pgottsch@live.com;(376) 936-4911;7312;25/07/2012;
P0827;Scienza senza limiti;Elías Coello Cisneros;crandall@gmail.com;(387) 440-8982;4191;13/05/2015;
P0828;Sviluppo Ahiyo;Juan Azcona-Bautista;noneme@optonline.net;(880) 352-9350;2305;12/04/2012;
P0829;Ciclo di lavoro;Leocadia de Azorin;phizntrg@outlook.com;(485) 294-4054;5754;19/06/2017;
P0830;Zolfo;Nilda Ruano Calleja;bmidd@hotmail.com;(791) 605-2725;8260;2/08/2019;
P0831;cromatica;Gilberto Acevedo Vallejo;godeke@yahoo.ca;(987) 837-1560;5700;23/10/2017;
P0832;Fabbrica di marmellata industriale;Ezequiel de Sanmiguel;smartfart@msn.com;(905) 829-7998;885;21/01/2021;
P0833;Itchlo digitale;Julia Oliveras Borja;report@optonline.net;(991) 660-9687;4343;12/05/2016;
P0834;Progetto Tambore;Crescencia de Nicolau;stellaau@hotmail.com;(982) 244-1518;7098;2/09/2014;
P0835;Ai è efficiente;Sarita Rivas Pinilla;cparis@verizon.net;(624) 497-0185;7775;23/01/2020;
P0836;Gioia;Bernardino del Cruz;muzzy@yahoo.com;(445) 750-1826;1668;17/07/2013;
P0837;Grande spazio di backup;Magdalena Morcillo;jlbaumga@icloud.com;(311) 232-8817;8482;6/04/2018;
P0838;Digitale Dinamico;Roberta Carlota Boada Vara;murty@msn.com;(558) 372-0174;5318;29/06/2017;
P0839;A fuoco digitale;Miriam Martín Casado;jusdisgi@icloud.com;(626) 677-5598;3785;22/07/2014;
P0840;Tattiche digitali;Rubén Cañas Lastra;gfxguy@yahoo.com;(501) 272-7008;6035;25/10/2018;
P0841;Buzz digitale;Íñigo Donaire Peiró;hellfire@comcast.net;(912) 710-3258;3352;2/12/2014;
P0842;Newsframe digitale;Pánfilo Camacho-Coll;gozer@yahoo.ca;(540) 819-0448;4020;15/08/2015;
P0843;Grandi disegni;Gerardo Goicoechea Osorio;haddawy@sbcglobal.net;(731) 654-1893;2247;12/10/2021;
P0844;Calibratore;Bibiana del Morán;sartak@outlook.com;(403) 866-6470;7739;5/01/2021;
P0845;Disegni di Adview;Candelario Vallejo-Arteaga;caronni@optonline.net;(785) 212-3308;2043;10/12/2016;
P0846;Consulenza Dv;Rubén Pino;aglassis@msn.com;(927) 558-1795;3531;30/04/2021;
P0847;Fare così;Clarisa Soriano Lumbreras;uncle@yahoo.com;(983) 470-5910;5959;10/05/2020;
P0848;Esternalizzare lo sviluppo;Milagros Fonseca Mendez;emmanuel@me.com;(843) 518-0566;410;4/11/2012;
P0849;City Of Guilmet;Trinidad Cobo Mármol;joelw@outlook.com;(512) 604-0806;6091;22/01/2021;
P0850;Cat51;Graciana Juan Llorente;pemungkah@gmail.com;(263) 756-4415;8439;16/04/2012;
P0851;Pt2 Services;Sara Girona-Rebollo;bader@outlook.com;(868) 436-1686;2337;11/02/2019;
P0852;Auk Myanmar;Inmaculada Chaparro-Batlle;kaiser@comcast.net;(484) 896-1490;2363;18/08/2014;
P0853;Homeco Industries;Socorro Pinedo Millán;thaljef@hotmail.com;(790) 702-9364;6007;4/09/2018;
P0854;Nola Studio;Lope Criado Echevarría;grolschie@outlook.com;(857) 452-4995;2617;24/12/2019;
P0855;Onesevenwest;Teo Llopis Piña;dkrishna@msn.com;(541) 613-1873;1998;30/06/2013;
P0856;Kent Packaging;Adela Torrecilla;gtewari@sbcglobal.net;(955) 721-8975;7430;25/01/2014;
P0857;Zentwall;Alcides Porfirio Planas Ureña;pereinar@live.com;(621) 478-0644;7784;28/02/2020;
P0858;Creative Solution;Pascuala Linares Manso;mhassel@att.net;(488) 569-4836;8423;10/04/2020;
P0859;Just Simple Insurance;Narcisa Franco;chance@outlook.com;(781) 743-7837;1047;19/05/2017;
P0860;Sol Accounting;Yago Zabaleta Catalán;report@gmail.com;(811) 777-4536;6130;29/05/2014;
P0861;Infineramic;Etelvina Clavero Malo;bigmauler@optonline.net;(723) 467-3052;8397;2/04/2019;
P0862;Engage Art Productions;Adora del Juárez;nighthawk@att.net;(312) 536-7523;2812;21/09/2016;
P0863;Digdens Ice Cream;Crescencia Higueras Roldán;elmer@live.com;(964) 794-4304;1226;1/03/2019;
P0864;North Shore Fusia;Sara Francisco;arathi@gmail.com;(355) 304-5638;1760;25/07/2018;
P0865;Vittee;Magdalena Barreda Benitez;ngedmond@mac.com;(291) 223-0014;2954;30/06/2020;
P0866;Victorias Bakery;Maribel Moles Campos;noneme@mac.com;(849) 843-5593;1616;3/06/2019;
P0867;Sonar Of Roma Spa;Eric Saavedra Robledo;nullchar@me.com;(305) 465-543411;4234;22/11/2018;
P0868;Big Pktt Cnc;Ángeles Escribano Abad;jdray@outlook.com;(362) 558-4559;7816;22/05/2019;
P0869;Shackle Clocks;Armida Muro Miró;carcus@me.com;(960) 493-7585;4423;4/10/2018;
P0870;Simple Machines;Beatriz Bautista Jiménez;kosact@att.net;(811) 757-4188;6699;4/08/2018;
P0871;Axis Varsity;Fabián Casals Granados;bahwi@icloud.com;(341) 470-3468;4451;18/05/2019;
P0872;Millwood Wind Prolific;Reinaldo Espejo Casanovas;jfmulder@live.com;(201) 915-6080;3613;3/08/2020;
P0873;Orsola Oysterbar;Ani Lobato Casas;garland@verizon.net;(761) 458-2063;6644;27/03/2021;
P0874;Inca;Lucía Esparza Palomo;fwitness@verizon.net;(200) 651-4382;7299;8/02/2019;
P0875;Transworld House;Francisco Jordá Lamas;seebs@outlook.com;(778) 610-8319;5894;20/07/2019;
P0876;Riteway;Azahar Luján Cámara;dodong@verizon.net;(789) 984-8715;7595;11/12/2020;
P0877;Lemdevic;Miguela del Sanmartín;caronni@msn.com;(594) 787-2708;6687;6/06/2017;
P0878;Impalafactory;Anastasio Sáenz Yáñez;kramulous@hotmail.com;(377) 372-3122;6872;30/07/2018;
P0879;Bk Fencing Club;Concepción Ayuso;gbacon@mac.com;(459) 844-6504;1120;29/01/2016;
P0880;Magentrapt Islands;Édgar Pablo Infante Alsina;gboss@gmail.com;(232) 890-3945;1162;2/01/2022;
P0881;Aiki It Support;Flor Olimpia Gallart Roca;hoangle@verizon.net;(515) 462-4048;3118;6/09/2017;
P0882;Multilynx;María Del Carmen Calista Cazorla Terrón;crypt@comcast.net;(854) 269-0953;6522;24/08/2013;
P0883;Koncept Usa;Jonatan Eutropio Higueras Rey;daveed@gmail.com;(409) 900-7651;5147;20/06/2021;
P0884;Inccan;Marciano Quevedo Pacheco;frode@me.com;(570) 285-0298;6413;17/02/2021;
P0885;Team Solutions;Candelas Fiol-Montes;bbirth@optonline.net;(429) 290-3963;1036;30/08/2018;
P0886;Brandovento;Josué Macias Llorens;mailarc@comcast.net;(439) 234-2138;7789;14/05/2016;
P0887;Alegra Dynamics;Roberta Cobos Baeza;dpitts@msn.com;(666) 532-5881;8473;2/09/2017;
P0888;Diamond Wine And Spirits;Custodio Agullo Escudero;boomzilla@att.net;(675) 770-6870;7349;20/05/2020;
P0889;Videocast;Arcelia Melero Ibarra;caidaperl@yahoo.ca;(940) 385-0336;3899;14/02/2021;
P0890;Digital Mantra;Pascual Manso Roldan;wilsonpm@verizon.net;(494) 349-0559;1860;15/03/2012;
P0891;E2recordscom;Ale Campoy Saura;manuals@msn.com;(546) 756-3514;2088;6/12/2017;
P0892;Pt Teknikasi Study;Javi del Sevillano;jbuchana@yahoo.ca;(826) 835-5206;7973;4/10/2015;
P0893;Opentis;Simón del Jaén;scarolan@mac.com;(698) 959-4885;6346;11/08/2021;
P0894;Hypergraph;Cintia Neira Salvà;mugwump@att.net;(523) 385-7815;5097;10/02/2021;
P0895;Red Wheel;Heraclio Reyes Espada;hager@sbcglobal.net;(776) 886-0839;5470;25/10/2020;
P0896;Emu Edum;Brígida Guijarro Meléndez;grothoff@me.com;(760) 226-0058;1593;8/07/2021;
P0897;Sitefusion;Valentín Artigas Carnero;drezet@aol.com;(793) 605-8949;5799;25/08/2016;
P0898;Miranda Digitale;Pastor Néstor Villa Bermudez;yfreund@me.com;(359) 852-7301;5316;15/11/2018;
P0899;Hyperlocalis;Ángeles Garriga Garriga;goldberg@comcast.net;(870) 260-9137;4330;25/09/2018;
P0900;Firebase;Marco de Casal;agolomsh@outlook.com;(661) 540-5655;1720;21/08/2020;
P0901;Selagine Digital;Juan Luis Rodrigo-Barceló;rddesign@icloud.com;(705) 559-1026;3762;22/02/2012;
P0902;Madcat;Anita Isaura Piña Fonseca;dsugal@icloud.com;(328) 391-4383;6205;9/01/2019;
P0903;Marisa;Concepción Carreño Moll;ralamosm@verizon.net;(833) 427-2021;4911;5/12/2015;
P0904;I3i Software;Pepe Cid;grossman@msn.com;(966) 903-0119;4407;8/04/2017;
P0905;Gfr Consultands;Florentino Amat Mancebo;twoflower@outlook.com;(331) 737-6554;6120;29/08/2017;
P0906;Zillion;Gilberto Alberola;rbarreira@live.com;(514) 430-8477;6255;18/10/2021;
P0907;Stace Digital;Eliana Bejarano Taboada;mbrown@att.net;(734) 741-4297;7854;30/10/2019;
P0908;It Analytics Team;Chelo Casanova;shazow@aol.com;(243) 506-8282;3041;10/04/2014;
P0909;Servizi Pt2;Ariadna Marí-Hurtado;amcuri@icloud.com;(731) 570-4351;4841;16/02/2017;
P0910;Industrie Homeco;Lourdes Renata Izquierdo Núñez;kostas@yahoo.ca;(209) 922-4703;4786;25/02/2012;
P0911;Studio Nola;Aurelia Gonzalez Pedraza;jespley@yahoo.com;(971) 863-9909;614;14/12/2013;
P0912;Imballaggio Kent;Melchor Feijoo Garrido;knorr@icloud.com;(332) 928-3183;2292;28/02/2021;
P0913;Soluzione creativa;Ileana Vicens;wildixon@comcast.net;(668) 800-1739;4672;8/09/2016;
P0914;Solo semplice assicurazione;Silvestre de Figueras;seano@me.com;(794) 945-8589;5145;28/12/2015;
P0915;Contabilità Sol;Rosalina Castejón Rius;ganter@icloud.com;(457) 717-4549;6667;24/02/2015;
P0916;Infineramico;Ulises de Company;schumer@optonline.net;(992) 904-9998;3769;3/04/2021;
P0917;Coinvolgi le produzioni artistiche;Rodrigo Agustín Blanes;rcwil@verizon.net;(583) 971-5741;3701;28/09/2014;
P0918;Gelato Digdens;Florentino Amor-Varela;uraeus@yahoo.ca;(802) 464-31751;4441;30/07/2021;
P0919;Fusia della sponda settentrionale;Martín Arroyo Bermúdez;sartak@me.com;(921) 965-9998;966;27/04/2017;
P0920;Vitteo;Dulce Luna-Ayllón;cosimo@live.com;(670) 816-5091;4173;8/11/2016;
P0921;Panetteria Vittoria;Mauricio Acedo Llorente;loscar@live.com;(230) 771-4639;5829;13/07/2021;
P0922;Sonar Di Roma Terme;Herberto Mora Pina;netsfr@hotmail.com;(387) 803-4372;6519;18/04/2022;
P0923;Orologi a catena;Ágata del Colom;wonderkid@verizon.net;(772) 814-2029;3042;11/06/2020;
P0924;Macchine semplici;Ani Tejada Vicente;dogdude@hotmail.com;(926) 375-8929;555;12/04/2013;
P0925;Università dell'Asse;Macario Acosta Salgado;goldberg@aol.com;(977) 980-8271;4379;29/12/2011;
P0926;Millwood vento prolifico;Candelas del Blanca;bastian@me.com;(603) 824-4778;4160;26/11/2012;
P0927;Orsola Ostrica;Florentina Almansa-Verdugo;animats@optonline.net;(671) 485-8520;6696;;
P0928;Casa del Transmondo;María Manuela Asensio-Múñiz;claesjac@icloud.com;(656) 307-7278;4430;3/09/2019;
P0929;Rituale;Conrado Ordóñez Cerro;esokullu@optonline.net;(415) 583-9101;2304;19/01/2018;
P0930;Impalafabbrica;Rafaela de Collado;nacho@yahoo.ca;(692) 768-7903;8118;22/11/2019;
P0931;Club di scherma Bk;Lucas Ramírez Casado;blixem@att.net;(953) 922-6201;3326;7/11/2015;
P0932;Isole Magentrapt;Victor Manuel Fermín Malo Cánovas;agolomsh@gmail.com;(642) 558-6586;5254;25/07/2012;
P0933;Multilince;Rafa Puerta Santiago;ryanvm@me.com;(362) 941-6578;5291;12/03/2013;
P0934;Soluzioni di squadra;Epifanio Régulo Rovira Morán;timlinux@yahoo.ca;(532) 391-8428;1954;7/08/2017;
P0935;Dinamica Alegra;Adán Larrea Roig;chinthaka@me.com;(616) 531-6414;6437;6/05/2017;
P0936;Vino e liquori di diamante;Apolonia Cal Ferrando;stern@comcast.net;(875) 974-3374;4963;15/01/2012;
P0937;Mantra digitale;Sonia Aller-Aparicio;attwood@comcast.net;(209) 382-8964;4008;24/08/2012;
P0938;Studio Pt Teknikasi;Alex Azorin Cañete;sharon@gmail.com;(612) 865-5924;4239;8/12/2013;
P0939;Ipergrafo;Ascensión Ugarte Tomas;aardo@mac.com;(544) 527-8533;2850;24/10/2018;
P0940;Ruota Rossa;Pascuala Diego Gomis;dexter@sbcglobal.net;(369) 942-3539;7646;12/09/2012;
P0941;Emù Edum;Camilo del Chico;kawasaki@mac.com;(811) 350-3002;7824;11/09/2018;
P0942;Iperlocali;Cruz Aroca-Cózar;xtang@mac.com;(333) 321-9130;4804;17/02/2015;
P0943;Base di fuoco;Gabriel Valdés;skythe@att.net;(287) 811-5952;1984;28/02/2021;
P0944;Selagine digitale;Eusebia de Rincón;kourai@gmail.com;(249) 289-5344;1666;13/10/2019;
P0945;Gatto pazzo;Celestino Matas Iriarte;bowmanbs@hotmail.com;(790) 466-3839;7051;29/10/2020;
P0946;Software I3i;Jacinto Lago Clemente;bockelboy@mac.com;(240) 557-7222;6613;21/12/2012;
P0947;Consulenti Gfr;Ezequiel Cortina Jódar;overbom@mac.com;(972) 335-8923;1226;2/04/2018;
P0948;Stazio Digitale;Cirino Paniagua Gutiérrez;kalpol@outlook.com;(404) 309-6254;2338;8/02/2021;
P0949;Team di analisi;Ana Sofía Ojeda-Pozuelo;parrt@msn.com;(899) 628-1144;1338;8/04/2015;
P0950;Kat51;Florencia Sáenz Bas;tokuhirom@msn.com;(212) 369-0661;2421;23/12/2013;
P0951;Pt2-Dienste;Guadalupe José María Manrique Barriga;thrymm@optonline.net;(892) 894-0671;7142;31/07/2021;
P0952;Homeco-Industrien;Curro Eugenio Arana Gomez;wilsonpm@gmail.com;(877) 882-8646;3001;11/01/2017;
P0953;Nola-Studio;Jacinto Adelardo Roselló Yuste;bhtower@icloud.com;(834) 243-8075;3834;2/02/2022;
P0954;Einssiebenwesten;Herminia Polo Ayllón;avalon@outlook.com;(417) 962-0520;2856;22/03/2022;
P0955;Kent-Verpackung;Celia Acero-Lastra;adhere@me.com;(325) 903-8081;5343;17/07/2018;
P0956;Kreative Lösung;Magdalena Eva María Mosquera Delgado;jguyer@yahoo.ca;(983) 782-8655;2132;2/07/2017;
P0957;Nur einfache Versicherung;Rita Moles Roca;muzzy@verizon.net;(486) 311-8174;7825;8/11/2017;
P0958;Sol-Buchhaltung;Baldomero Cabello;knorr@yahoo.com;(322) 961-9701;1826;1/08/2021;
P0959;Infineramisch;Rómulo Salmerón Carreño;grossman@yahoo.ca;(663) 632-3871;402;15/05/2012;
P0960;Beauftragen Sie Kunstproduktionen;Vasco Polo Baños;empathy@msn.com;(351) 219-7886;3186;21/11/2019;
P0961;Digdens-Eis;Teresita Sobrino Palomares;rogerspl@msn.com;(467) 439-6064;4112;22/02/2019;
P0962;Victorias Bäckerei;Arsenio Castejón Zabala;kmself@yahoo.ca;(491) 701-5937;1464;19/08/2014;
P0963;Sonar von Roma Spa;Ileana Galvez;enintend@verizon.net;(892) 525-1657;1770;22/04/2018;
P0964;Bügeluhren;Sabina Iñiguez Alberto;carmena@me.com;(682) 961-8727;6699;24/10/2012;
P0965;Einfache Maschinen;Ángela Pozo;hutton@hotmail.com;(961) 476-4102;1254;16/07/2012;
P0966;Achse Varsity;Natividad Castilla Cobos;shang@hotmail.com;(369) 944-1698;1072;24/12/2019;
P0967;Millwood Wind Fruchtbar;Candelario Santos Ferrándiz;firstpr@gmail.com;(477) 311-4086;3159;18/05/2013;
P0968;Orsola Austernbar;Poncio Felix Llamas Folch;cyrus@yahoo.com;(984) 929-2294;1099;6/12/2016;
P0969;Inka;Juanita Múgica Díez;choset@me.com;(881) 418-9015;7146;12/03/2012;
P0970;Transworld-Haus;Cayetana Caballero Huguet;blixem@aol.com;(577) 892-9494;5515;30/08/2021;
P0971;Impalafabrik;Urbano Gómez Atienza;kourai@verizon.net;(203) 537-440;3251;31/01/2022;
P0972;Bk Fechtverein;Vito Mesa-Ayala;catalog@mac.com;(917) 921-0105;8359;23/12/2014;
P0973;Magenfallen-Inseln;Teo Carreras Prats;wortmanj@yahoo.com;(522) 651-9577;1678;24/01/2015;
P0974;Aiki It-Unterstützung;Gabriela Checa Castrillo;wikinerd@yahoo.ca;(314) 827-4799;5739;23/02/2016;
P0975;Multiluchs;Francisco Javier del Feijoo;munson@live.com;(609) 403-2608;7063;30/11/2015;
P0976;Konzept USA;Jenaro del Ferrero;stomv@me.com;(827) 583-0803;980;9/05/2018;
P0977;Inckan;Mario del Fonseca;jimxugle@mac.com;(543) 855-9169;7892;13/06/2012;
P0978;Teamlösungen;Estefanía Llobet Villalba;timlinux@icloud.com;(491) 737-9446;2843;1/04/2016;
P0979;Alegra Dynamik;Haroldo Aguilar Monreal;roesch@gmail.com;(427) 734-7146;6294;26/12/2011;
P0980;Diamond Wein und Spirituosen;Cleto Capdevila;kronvold@icloud.com;(464) 753-5716;5211;21/12/2017;
P0981;Digitales Mantra;Ariel Toro Corbacho;fmerges@msn.com;(474) 633-1272;5827;18/02/2021;
P0982;Pt Teknikasi-Studie;Nilda Quintana Nevado;drhyde@mac.com;(392) 759-6919;6729;4/04/2020;
P0983;Rotes Rad;Rufina Moya Verdú;sburke@live.com;(294) 503-8835;2008;30/12/2021;
P0984;Standortfusion;Pili Sánchez Pla;arathi@sbcglobal.net;(248) 392-3472;329;24/10/2017;
P0985;Hyperlokalis;Rómulo Herranz-Gallart;munge@yahoo.ca;(853) 740-8378;8394;7/10/2018;
P0986;Selagin Digital;Benjamín Ceferino Parejo Quintanilla;jmcnamara@mac.com;(824) 278-8055;6929;8/03/2017;
P0987;Botta Think;Mónica Barco;matty@yahoo.com;(416) 821-7869;1201;12/01/2014;
P0988;Devops;Julián Rivero Barón;noahb@hotmail.com;(506) 870-0278;5527;8/01/2013;
P0989;2h Studio;Pepe Cepeda Valle;kudra@msn.com;(365) 253-9085;5686;26/03/2012;
P0990;Webstar;Severino Montesinos Benet;jelmer@verizon.net;(671) 566-4211;4046;23/12/2020;
P0991;Veasit;Marianela Llorens-Alfaro;joelw@me.com;(982) 429-1581;4573;12/04/2021;
P0992;Vivid Design;Teresita Rosa Carrillo Valcárcel;tangsh@verizon.net;(588) 638-5302;3806;20/09/2021;
P0993;Digiitera;Godofredo Avilés Hernando;lukka@sbcglobal.net;(851) 361-6359;7018;3/10/2013;
P0994;Codigraphics;Luisa Eva María Guitart Expósito;keijser@yahoo.ca;(816) 568-5911;3341;23/09/2016;
P0995;Actenet;Gabriel Arnau;telbij@yahoo.com;(456) 843-7004;7876;19/07/2017;
P0996;Datawrite;Gala Millán Ribera;payned@mac.com;(655) 690-1559;4703;22/05/2012;
P0997;Echo Digital;Luis Ángel Llanos Benavente;chrwin@live.com;(444) 586-0540;2786;1/06/2021;
P0998;Meussicz;Tere Monreal Botella;stellaau@me.com;(752) 359-9358;3442;28/06/2016;
P0999;Learnig;Pepito Catalá-Niño;elmer@verizon.net;(716) 835-7132;2505;20/02/2021;
P0005;Deltavita;Abraham Girón-Soler;mallanmba@yahoo.ca;(841) 798-8943;570;;
P0013;Team Software;Carlito Domínguez Cortes;afifi@yahoo.com;(669) 494-0889;5258;8/05/2017;
P0020;Vuevitas;Carlito Peñas Prado;philen@verizon.net;(988) 713-8842;607;17/10/2021;
P0026;Every Good Good After Logo;Vilma de Rosado;maratb@att.net;(386) 943-6501;351;3/08/2013;
P0040;New Culture;Odalys García Roma;dhwon@verizon.net;(937) 737-8674;5403;17/11/2016;
P0057;Walna Dynamics;Jesús Abad Lago;chaikin@optonline.net;(465) 470-3259;8455;9/03/2020;
P0062;Lbr Engineers;Aarón Aparicio Becerra;madler@gmail.com;(615) 502-3945;6440;27/04/2019;
P0067;Startup Europe;Danilo Hervia;wildfire@comcast.net;(282) 971-1586;2993;28/08/2018;
P0078;Bee Auto Agency;Camilo Gutiérrez Soto;madler@comcast.net;(479) 253-7790;7858;30/03/2019;
P0095;Podc;Hector Prat-Río;gknauss@mac.com;(948) 301-7736;2211;31/12/2019;
P0124;City Of Lyon;Juan Bautista Jesús Gibert Alcázar;drolsky@hotmail.com;(205) 367-3867;8430;15/05/2015;
P0139;Kingkenny Hire;Nazaret del Nieto;mugwump@verizon.net;(258) 824-3888;6927;8/06/2017;
P0148;Cherrywood;Regina Blanca-Rico;sinkou@optonline.net;(380) 524-7754;3943;7/04/2020;
P0158;Frilly Pillows;Benigna Berenguer Palacio;valdez@me.com;(343) 410-7273;4936;14/01/2022;
P0171;Chromatica;Eleuterio Torres;tattooman@icloud.com;(509) 214-3320;4807;30/01/2013;
P0183;Beethoven;Domitila de Galvez;ccohen@yahoo.com;(456) 925-7058;5116;1/08/2020;
P0188;Buzz Digital;Rodrigo Lastra Arco;rasca@mac.com;(867) 940-3189;1661;29/07/2017;
P0195;Avantive;Celestino Vidal;rnewman@gmail.com;(586) 930-7723;5192;6/06/2020;
P0205;Route de la ville d'Abus;Jose Antonio Frías-Campos;ahuillet@msn.com;(712) 928-3735;5436;4/12/2016;
P0206;Joueur;Francisco Jose Carranza;mglee@gmail.com;(345) 760-4389;1803;18/03/2019;
P0212;En amont;Jose Antonio Saturnino Castilla Castelló;ilyaz@verizon.net;(397) 262-0865;4089;21/10/2013;
P0915;Contabilità Sol;Rosalina Castejón Rius;ganter@icloud.com;(457) 717-4549;6667;24/02/2015;
P0922;Sonar Di Roma Terme;Herberto Mora Pina;netsfr@hotmail.com;(387) 803-4372;6519;18/04/2022;
P0927;Orsola Ostrica;Florentina Almansa-Verdugo;animats@optonline.net;(671) 485-8520;6696;19/04/2019;
P0932;Isole Magentrapt;Victor Manuel Fermín Malo Cánovas;agolomsh@gmail.com;(642) 558-6586;5254;25/07/2012;
P0952;Homeco-Industrien;Curro Eugenio Arana Gomez;wilsonpm@gmail.com;(877) 882-8646;3001;11/01/2017;
P0958;Sol-Buchhaltung;Baldomero Cabello;knorr@yahoo.com;(322) 961-9701;1826;1/08/2021;
P0965;Einfache Maschinen;Ángela Pozo;hutton@hotmail.com;(961) 476-4102;1254;16/07/2012;
P0838;Digitale Dinamico;Roberta Carlota Boada Vara;murty@msn.com;(558) 372-0174;5318;29/06/2017;
P0843;Grandi disegni;Gerardo Goicoechea Osorio;haddawy@sbcglobal.net;(731) 654-1893;2247;12/10/2021;
P0852;Auk Myanmar;Inmaculada Chaparro-Batlle;kaiser@comcast.net;(484) 896-1490;2363;18/08/2014;
P0857;Zentwall;Alcides Porfirio Planas Ureña;pereinar@live.com;(621) 478-0644;7784;28/02/2020;
P0861;Infineramic;Etelvina Clavero Malo;bigmauler@optonline.net;(723) 467-3052;8397;2/04/2019;
